{"stats":{"minecraft:custom":{"minecraft:interact_with_furnace":3,"minecraft:mob_kills":12,"minecraft:interact_with_crafting_table":4,"minecraft:time_since_death":3652,"minecraft:sleep_in_bed":3,"minecraft:climb_one_cm":3960,"minecraft:time_since_rest":3695,"minecraft:sprint_one_cm":107576,"minecraft:damage_taken":1342,"minecraft:walk_one_cm":157769,"minecraft:drop":30,"minecraft:damage_dealt":2412,"minecraft:swim_one_cm":20353,"minecraft:fly_one_cm":121177,"minecraft:player_kills":1,"minecraft:open_chest":1,"minecraft:crouch_one_cm":2175,"minecraft:play_time":48000,"minecraft:deaths":2,"minecraft:sneak_time":1351,"minecraft:walk_under_water_one_cm":5772,"minecraft:jump":1131,"minecraft:walk_on_water_one_cm":22700,"minecraft:total_world_time":48000,"minecraft:fall_one_cm":31240},"minecraft:killed_by":{"minecraft:player":1},"minecraft:mined":{"minecraft:white_bed":3,"minecraft:quartz_block":5,"minecraft:crafting_table":2,"minecraft:granite":17,"minecraft:grass_block":3,"minecraft:melon":9,"minecraft:tall_grass":7,"minecraft:tall_seagrass":1,"minecraft:iron_ore":24,"minecraft:grass":22,"minecraft:oak_log":15,"minecraft:coal_ore":17,"minecraft:deepslate_iron_ore":6,"minecraft:vine":1,"minecraft:stone":49,"minecraft:deepslate":10,"minecraft:oak_leaves":2},"minecraft:dropped":{"minecraft:porkchop":7,"minecraft:cobbled_deepslate":10,"minecraft:crafting_table":1,"minecraft:raw_iron":29,"minecraft:cobblestone":46,"minecraft:coal":45},"minecraft:broken":{"minecraft:wooden_axe":1},"minecraft:crafted":{"minecraft:oak_planks":68,"minecraft:crafting_table":2,"minecraft:wooden_pickaxe":1,"minecraft:stick":12,"minecraft:stone_pickaxe":1,"minecraft:wooden_axe":1,"minecraft:stone_sword":1,"minecraft:torch":28},"minecraft:killed":{"minecraft:pig":4,"minecraft:sheep":1,"minecraft:skeleton":4,"minecraft:zombie":1,"minecraft:cow":2},"minecraft:picked_up":{"minecraft:wooden_axe":1,"minecraft:crafting_table":4,"minecraft:glow_ink_sac":10,"minecraft:leather":6,"minecraft:wooden_pickaxe":1,"minecraft:birch_planks":41,"minecraft:oak_log":22,"minecraft:shield":2,"minecraft:dirt":28,"minecraft:cooked_mutton":9,"minecraft:bone":4,"minecraft:wheat_seeds":7,"minecraft:cobbled_deepslate":20,"minecraft:beef":2,"minecraft:stone_pickaxe":3,"minecraft:light_gray_wool":1,"minecraft:melon_slice":46,"minecraft:oak_planks":7,"minecraft:stick":14,"minecraft:raw_iron":46,"minecraft:chiseled_polished_blackstone":2,"minecraft:torch":14,"minecraft:porkchop":18,"minecraft:white_bed":4,"minecraft:stone_sword":1,"minecraft:quartz_block":20,"minecraft:arrow":10,"minecraft:rotten_flesh":2,"minecraft:granite":34,"minecraft:mutton":2,"minecraft:coal":41,"minecraft:white_wool":1,"minecraft:cobblestone":57},"minecraft:used":{"minecraft:cooked_mutton":1,"minecraft:chiseled_polished_blackstone":1,"minecraft:stone_sword":58,"minecraft:stone_pickaxe":119,"minecraft:wooden_pickaxe":17,"minecraft:white_wool":1,"minecraft:torch":16,"minecraft:dirt":7,"minecraft:mutton":2,"minecraft:crafting_table":4,"minecraft:white_bed":4,"minecraft:wooden_axe":43,"minecraft:melon_slice":43,"minecraft:quartz_block":5,"minecraft:golden_leggings":1,"minecraft:light_gray_wool":1,"minecraft:cobblestone":1,"minecraft:beef":2,"minecraft:porkchop":2}},"DataVersion":3465}