{"stats":{"minecraft:dropped":{"minecraft:porkchop":12,"minecraft:birch_planks":1,"minecraft:wheat_seeds":5,"minecraft:glow_ink_sac":10,"minecraft:crafting_table":1,"minecraft:feather":1,"minecraft:cobblestone":49,"minecraft:coal":45,"minecraft:stick":64,"minecraft:emerald":5,"minecraft:mutton":8,"minecraft:gravel":2,"minecraft:cobbled_deepslate":10,"minecraft:diamond_hoe":2,"minecraft:raw_iron":36,"minecraft:gunpowder":1,"minecraft:quartz_block":1,"minecraft:beef":2,"minecraft:egg":1},"minecraft:mined":{"minecraft:tuff":34,"minecraft:white_bed":4,"minecraft:deepslate_diamond_ore":15,"minecraft:sculk_vein":2,"minecraft:granite":37,"minecraft:grass_block":4,"minecraft:tall_seagrass":1,"minecraft:sculk_catalyst":4,"minecraft:iron_ore":57,"minecraft:cobbled_deepslate":68,"minecraft:andesite":5,"minecraft:deepslate_lapis_ore":10,"minecraft:sculk_shrieker":18,"minecraft:vine":1,"minecraft:deepslate_iron_ore":6,"minecraft:stone":111,"minecraft:quartz_block":6,"minecraft:crafting_table":2,"minecraft:torch":2,"minecraft:emerald_ore":7,"minecraft:melon":15,"minecraft:sculk_sensor":29,"minecraft:tall_grass":7,"minecraft:cobblestone":10,"minecraft:deepslate_gold_ore":12,"minecraft:sculk":77,"minecraft:diorite":4,"minecraft:wall_torch":4,"minecraft:grass":50,"minecraft:oak_log":15,"minecraft:coal_ore":186,"minecraft:gravel":3,"minecraft:dirt":21,"minecraft:oak_leaves":2,"minecraft:deepslate":488,"minecraft:fern":6},"minecraft:used":{"minecraft:stone_sword":62,"minecraft:diamond_hoe":129,"minecraft:shield":21,"minecraft:iron_sword":35,"minecraft:rotten_flesh":10,"minecraft:cooked_chicken":6,"minecraft:oak_door":2,"minecraft:torch":97,"minecraft:dirt":15,"minecraft:mutton":2,"minecraft:granite":25,"minecraft:wooden_axe":43,"minecraft:quartz_block":10,"minecraft:light_gray_wool":1,"minecraft:beef":2,"minecraft:furnace":1,"minecraft:potato":1,"minecraft:cobbled_deepslate":429,"minecraft:cooked_mutton":14,"minecraft:chiseled_polished_blackstone":1,"minecraft:diorite":1,"minecraft:stone_pickaxe":217,"minecraft:oak_planks":1,"minecraft:wooden_pickaxe":17,"minecraft:white_wool":1,"minecraft:golden_apple":1,"minecraft:crafting_table":4,"minecraft:white_bed":5,"minecraft:diamond_pickaxe":661,"minecraft:melon_slice":75,"minecraft:iron_pickaxe":178,"minecraft:golden_leggings":1,"minecraft:diamond_sword":137,"minecraft:cobblestone":200,"minecraft:porkchop":4},"minecraft:picked_up":{"minecraft:wooden_axe":1,"minecraft:crafting_table":4,"minecraft:chicken":2,"minecraft:diamond_sword":1,"minecraft:wooden_pickaxe":2,"minecraft:shield":2,"minecraft:string":2,"minecraft:cobbled_deepslate":551,"minecraft:beef":3,"minecraft:iron_pickaxe":1,"minecraft:light_gray_wool":1,"minecraft:melon_slice":95,"minecraft:diamond_hoe":1,"minecraft:egg":1,"minecraft:stick":14,"minecraft:raw_iron":84,"minecraft:oak_door":3,"minecraft:torch":22,"minecraft:porkchop":21,"minecraft:diorite":4,"minecraft:quartz_block":21,"minecraft:rotten_flesh":25,"minecraft:stone_sword":1,"minecraft:arrow":14,"minecraft:diamond_chestplate":1,"minecraft:diamond_boots":1,"minecraft:mutton":10,"minecraft:white_wool":5,"minecraft:cobblestone":137,"minecraft:feather":16,"minecraft:glow_ink_sac":18,"minecraft:andesite":23,"minecraft:leather":9,"minecraft:potato":1,"minecraft:birch_planks":41,"minecraft:tuff":33,"minecraft:oak_log":22,"minecraft:gunpowder":1,"minecraft:lapis_lazuli":73,"minecraft:dirt":60,"minecraft:cooked_mutton":14,"minecraft:bone":6,"minecraft:wheat_seeds":12,"minecraft:raw_gold":12,"minecraft:stone_pickaxe":3,"minecraft:iron_ingot":16,"minecraft:diamond_helmet":1,"minecraft:oak_planks":7,"minecraft:chiseled_polished_blackstone":2,"minecraft:gravel":4,"minecraft:white_bed":4,"minecraft:diamond":15,"minecraft:granite":51,"minecraft:golden_apple":1,"minecraft:emerald":7,"minecraft:black_wool":1,"minecraft:coal":190,"minecraft:diamond_pickaxe":1},"minecraft:custom":{"minecraft:mob_kills":49,"minecraft:interact_with_crafting_table":22,"minecraft:leave_game":3,"minecraft:time_since_death":145485,"minecraft:climb_one_cm":7829,"minecraft:sprint_one_cm":272912,"minecraft:walk_one_cm":540741,"minecraft:damage_blocked_by_shield":790,"minecraft:drop":49,"minecraft:play_time":189833,"minecraft:deaths":2,"minecraft:sneak_time":22334,"minecraft:walk_under_water_one_cm":11672,"minecraft:jump":3865,"minecraft:walk_on_water_one_cm":33969,"minecraft:total_world_time":189833,"minecraft:interact_with_furnace":11,"minecraft:sleep_in_bed":5,"minecraft:time_since_rest":29919,"minecraft:damage_taken":3245,"minecraft:damage_absorbed":10,"minecraft:damage_dealt":8874,"minecraft:swim_one_cm":20353,"minecraft:player_kills":1,"minecraft:fly_one_cm":393057,"minecraft:open_chest":21,"minecraft:crouch_one_cm":69154,"minecraft:interact_with_smoker":1,"minecraft:fall_one_cm":113794},"minecraft:broken":{"minecraft:stone_pickaxe":2,"minecraft:wooden_axe":1},"minecraft:crafted":{"minecraft:oak_door":3,"minecraft:oak_planks":324,"minecraft:furnace":1,"minecraft:cooked_mutton":9,"minecraft:stone_pickaxe":1,"minecraft:crafting_table":2,"minecraft:wooden_pickaxe":1,"minecraft:iron_helmet":1,"minecraft:iron_sword":1,"minecraft:air":0,"minecraft:iron_chestplate":1,"minecraft:stick":92,"minecraft:iron_ingot":4,"minecraft:iron_pickaxe":1,"minecraft:wooden_axe":1,"minecraft:stone_sword":1,"minecraft:white_bed":1,"minecraft:torch":336},"minecraft:killed":{"minecraft:witch":1,"minecraft:spider":1,"minecraft:skeleton":8,"minecraft:bee":1,"minecraft:chicken":2,"minecraft:parrot":1,"minecraft:pig":5,"minecraft:zombie_villager":2,"minecraft:creeper":1,"minecraft:sheep":5,"minecraft:zombie":19,"minecraft:cow":3},"minecraft:killed_by":{"minecraft:player":1}},"DataVersion":3465}