{"stats":{"minecraft:killed_by":{"minecraft:player":1},"minecraft:broken":{"minecraft:stone_pickaxe":2,"minecraft:wooden_axe":1},"minecraft:crafted":{"minecraft:oak_planks":324,"minecraft:crafting_table":2,"minecraft:wooden_pickaxe":1,"minecraft:iron_helmet":1,"minecraft:iron_sword":1,"minecraft:furnace":1,"minecraft:iron_chestplate":1,"minecraft:stick":92,"minecraft:iron_ingot":4,"minecraft:iron_pickaxe":1,"minecraft:stone_pickaxe":1,"minecraft:wooden_axe":1,"minecraft:stone_sword":1,"minecraft:torch":80},"minecraft:killed":{"minecraft:parrot":1,"minecraft:pig":5,"minecraft:witch":1,"minecraft:zombie_villager":2,"minecraft:spider":1,"minecraft:creeper":1,"minecraft:skeleton":7,"minecraft:sheep":5,"minecraft:bee":1,"minecraft:zombie":18,"minecraft:chicken":2,"minecraft:cow":3},"minecraft:picked_up":{"minecraft:wooden_axe":1,"minecraft:crafting_table":4,"minecraft:feather":16,"minecraft:chicken":2,"minecraft:glow_ink_sac":18,"minecraft:andesite":23,"minecraft:leather":9,"minecraft:diamond_sword":1,"minecraft:wooden_pickaxe":2,"minecraft:potato":1,"minecraft:birch_planks":41,"minecraft:tuff":32,"minecraft:oak_log":22,"minecraft:shield":2,"minecraft:gunpowder":1,"minecraft:string":2,"minecraft:dirt":59,"minecraft:cooked_mutton":14,"minecraft:bone":6,"minecraft:wheat_seeds":12,"minecraft:cobbled_deepslate":458,"minecraft:raw_gold":8,"minecraft:stone_pickaxe":3,"minecraft:iron_ingot":16,"minecraft:beef":3,"minecraft:iron_pickaxe":1,"minecraft:diamond_helmet":1,"minecraft:light_gray_wool":1,"minecraft:melon_slice":95,"minecraft:oak_planks":7,"minecraft:diamond_hoe":1,"minecraft:egg":1,"minecraft:stick":14,"minecraft:raw_iron":84,"minecraft:chiseled_polished_blackstone":2,"minecraft:torch":20,"minecraft:gravel":2,"minecraft:porkchop":21,"minecraft:white_bed":4,"minecraft:diamond_chestplate":1,"minecraft:quartz_block":21,"minecraft:stone_sword":1,"minecraft:arrow":12,"minecraft:rotten_flesh":23,"minecraft:diamond_boots":1,"minecraft:granite":49,"minecraft:emerald":7,"minecraft:black_wool":1,"minecraft:mutton":10,"minecraft:coal":190,"minecraft:white_wool":5,"minecraft:cobblestone":127,"minecraft:diamond_pickaxe":1},"minecraft:used":{"minecraft:cooked_mutton":9,"minecraft:chiseled_polished_blackstone":1,"minecraft:stone_sword":62,"minecraft:stone_pickaxe":217,"minecraft:oak_planks":1,"minecraft:diamond_hoe":82,"minecraft:shield":19,"minecraft:wooden_pickaxe":17,"minecraft:iron_sword":31,"minecraft:cooked_chicken":6,"minecraft:rotten_flesh":10,"minecraft:white_wool":1,"minecraft:torch":68,"minecraft:dirt":15,"minecraft:mutton":2,"minecraft:crafting_table":4,"minecraft:white_bed":4,"minecraft:granite":25,"minecraft:wooden_axe":43,"minecraft:diamond_pickaxe":528,"minecraft:melon_slice":69,"minecraft:iron_pickaxe":178,"minecraft:quartz_block":10,"minecraft:diamond_sword":133,"minecraft:light_gray_wool":1,"minecraft:golden_leggings":1,"minecraft:cobblestone":5,"minecraft:beef":2,"minecraft:furnace":1,"minecraft:porkchop":4,"minecraft:potato":1,"minecraft:cobbled_deepslate":404},"minecraft:mined":{"minecraft:tuff":33,"minecraft:white_bed":4,"minecraft:quartz_block":6,"minecraft:crafting_table":2,"minecraft:torch":2,"minecraft:granite":35,"minecraft:emerald_ore":7,"minecraft:grass_block":4,"minecraft:melon":15,"minecraft:sculk_sensor":17,"minecraft:tall_grass":7,"minecraft:cobblestone":3,"minecraft:deepslate_gold_ore":8,"minecraft:sculk":56,"minecraft:wall_torch":2,"minecraft:tall_seagrass":1,"minecraft:sculk_catalyst":2,"minecraft:iron_ore":57,"minecraft:cobbled_deepslate":56,"minecraft:andesite":5,"minecraft:grass":50,"minecraft:sculk_shrieker":8,"minecraft:vine":1,"minecraft:coal_ore":186,"minecraft:oak_log":15,"minecraft:deepslate_iron_ore":6,"minecraft:gravel":2,"minecraft:dirt":21,"minecraft:stone":108,"minecraft:oak_leaves":2,"minecraft:deepslate":415,"minecraft:fern":6},"minecraft:custom":{"minecraft:interact_with_furnace":11,"minecraft:mob_kills":47,"minecraft:interact_with_crafting_table":20,"minecraft:leave_game":2,"minecraft:time_since_death":114968,"minecraft:sleep_in_bed":4,"minecraft:climb_one_cm":6849,"minecraft:time_since_rest":3063,"minecraft:sprint_one_cm":236198,"minecraft:damage_taken":2833,"minecraft:walk_one_cm":483698,"minecraft:damage_blocked_by_shield":650,"minecraft:drop":42,"minecraft:damage_dealt":8401,"minecraft:swim_one_cm":20353,"minecraft:fly_one_cm":330995,"minecraft:player_kills":1,"minecraft:open_chest":14,"minecraft:crouch_one_cm":34265,"minecraft:play_time":159316,"minecraft:deaths":2,"minecraft:sneak_time":12648,"minecraft:walk_under_water_one_cm":11672,"minecraft:jump":3346,"minecraft:walk_on_water_one_cm":33969,"minecraft:total_world_time":159316,"minecraft:fall_one_cm":95054},"minecraft:dropped":{"minecraft:gravel":2,"minecraft:wheat_seeds":5,"minecraft:birch_planks":1,"minecraft:porkchop":7,"minecraft:glow_ink_sac":10,"minecraft:cobbled_deepslate":10,"minecraft:crafting_table":1,"minecraft:diamond_hoe":1,"minecraft:raw_iron":36,"minecraft:feather":1,"minecraft:cobblestone":46,"minecraft:coal":45,"minecraft:stick":64,"minecraft:emerald":5,"minecraft:gunpowder":1,"minecraft:quartz_block":1,"minecraft:egg":1}},"DataVersion":3465}