{"stats":{"minecraft:custom":{"minecraft:open_chest":1,"minecraft:time_since_rest":1075,"minecraft:play_time":12000,"minecraft:sprint_one_cm":17501,"minecraft:damage_taken":265,"minecraft:walk_one_cm":29766,"minecraft:walk_under_water_one_cm":5024,"minecraft:mob_kills":4,"minecraft:jump":155,"minecraft:damage_dealt":470,"minecraft:time_since_death":891,"minecraft:walk_on_water_one_cm":13967,"minecraft:climb_one_cm":531,"minecraft:total_world_time":12000,"minecraft:swim_one_cm":20353,"minecraft:interact_with_crafting_table":2,"minecraft:fall_one_cm":4782,"minecraft:fly_one_cm":13429,"minecraft:deaths":1},"minecraft:mined":{"minecraft:tall_seagrass":1,"minecraft:grass":4,"minecraft:grass_block":1,"minecraft:oak_log":10,"minecraft:vine":1,"minecraft:oak_leaves":1,"minecraft:crafting_table":1},"minecraft:crafted":{"minecraft:oak_planks":20,"minecraft:crafting_table":1,"minecraft:stick":12,"minecraft:wooden_axe":1},"minecraft:killed":{"minecraft:pig":4},"minecraft:picked_up":{"minecraft:crafting_table":1,"minecraft:quartz_block":5,"minecraft:chiseled_polished_blackstone":1,"minecraft:wheat_seeds":1,"minecraft:porkchop":9,"minecraft:oak_log":10,"minecraft:dirt":5},"minecraft:used":{"minecraft:golden_leggings":1,"minecraft:wooden_axe":23,"minecraft:crafting_table":1}},"DataVersion":3465}