{"stats":{"minecraft:custom":{"minecraft:time_since_rest":13075,"minecraft:sprint_one_cm":63150,"minecraft:damage_taken":285,"minecraft:walk_one_cm":74038,"minecraft:mob_kills":7,"minecraft:drop":8,"minecraft:damage_dealt":957,"minecraft:swim_one_cm":20353,"minecraft:interact_with_crafting_table":3,"minecraft:fly_one_cm":73753,"minecraft:open_chest":1,"minecraft:crouch_one_cm":356,"minecraft:play_time":24000,"minecraft:deaths":1,"minecraft:sneak_time":73,"minecraft:walk_under_water_one_cm":5024,"minecraft:jump":571,"minecraft:walk_on_water_one_cm":13970,"minecraft:time_since_death":12891,"minecraft:total_world_time":24000,"minecraft:climb_one_cm":531,"minecraft:fall_one_cm":13082},"minecraft:mined":{"minecraft:tall_seagrass":1,"minecraft:crafting_table":1,"minecraft:grass":13,"minecraft:grass_block":1,"minecraft:oak_log":15,"minecraft:vine":1,"minecraft:tall_grass":7,"minecraft:oak_leaves":1},"minecraft:dropped":{"minecraft:porkchop":7,"minecraft:crafting_table":1},"minecraft:broken":{"minecraft:wooden_axe":1},"minecraft:crafted":{"minecraft:oak_planks":68,"minecraft:crafting_table":2,"minecraft:stick":12,"minecraft:wooden_pickaxe":1,"minecraft:wooden_axe":1},"minecraft:killed":{"minecraft:sheep":1,"minecraft:pig":4,"minecraft:cow":2},"minecraft:picked_up":{"minecraft:wooden_axe":1,"minecraft:stick":10,"minecraft:crafting_table":3,"minecraft:chiseled_polished_blackstone":2,"minecraft:leather":3,"minecraft:porkchop":18,"minecraft:oak_log":22,"minecraft:dirt":11,"minecraft:quartz_block":10,"minecraft:wheat_seeds":3,"minecraft:beef":2,"minecraft:light_gray_wool":1,"minecraft:mutton":2,"minecraft:oak_planks":7},"minecraft:used":{"minecraft:chiseled_polished_blackstone":1,"minecraft:wooden_axe":43,"minecraft:golden_leggings":1,"minecraft:dirt":5,"minecraft:crafting_table":3,"minecraft:porkchop":2}},"DataVersion":3465}