{"stats":{"minecraft:killed_by":{"minecraft:player":1},"minecraft:broken":{"minecraft:stone_pickaxe":2,"minecraft:wooden_axe":1},"minecraft:crafted":{"minecraft:oak_planks":68,"minecraft:crafting_table":2,"minecraft:wooden_pickaxe":1,"minecraft:iron_helmet":1,"minecraft:iron_sword":1,"minecraft:iron_chestplate":1,"minecraft:stick":92,"minecraft:iron_ingot":4,"minecraft:iron_pickaxe":1,"minecraft:stone_pickaxe":1,"minecraft:wooden_axe":1,"minecraft:stone_sword":1,"minecraft:torch":80},"minecraft:killed":{"minecraft:pig":5,"minecraft:zombie_villager":1,"minecraft:spider":1,"minecraft:creeper":1,"minecraft:skeleton":5,"minecraft:sheep":1,"minecraft:bee":1,"minecraft:zombie":9,"minecraft:cow":3},"minecraft:picked_up":{"minecraft:wooden_axe":1,"minecraft:crafting_table":4,"minecraft:glow_ink_sac":15,"minecraft:andesite":5,"minecraft:leather":9,"minecraft:diamond_sword":1,"minecraft:wooden_pickaxe":1,"minecraft:potato":1,"minecraft:birch_planks":41,"minecraft:tuff":32,"minecraft:oak_log":22,"minecraft:shield":2,"minecraft:gunpowder":1,"minecraft:dirt":50,"minecraft:cooked_mutton":14,"minecraft:bone":6,"minecraft:wheat_seeds":8,"minecraft:cobbled_deepslate":454,"minecraft:raw_gold":8,"minecraft:stone_pickaxe":3,"minecraft:iron_ingot":16,"minecraft:beef":3,"minecraft:diamond_helmet":1,"minecraft:light_gray_wool":1,"minecraft:melon_slice":46,"minecraft:oak_planks":7,"minecraft:diamond_hoe":1,"minecraft:stick":14,"minecraft:raw_iron":84,"minecraft:chiseled_polished_blackstone":2,"minecraft:torch":19,"minecraft:gravel":2,"minecraft:porkchop":19,"minecraft:white_bed":4,"minecraft:diamond_chestplate":1,"minecraft:quartz_block":21,"minecraft:stone_sword":1,"minecraft:arrow":10,"minecraft:rotten_flesh":13,"minecraft:diamond_boots":1,"minecraft:granite":48,"minecraft:emerald":7,"minecraft:mutton":2,"minecraft:coal":129,"minecraft:white_wool":1,"minecraft:cobblestone":110,"minecraft:diamond_pickaxe":1},"minecraft:used":{"minecraft:cooked_mutton":9,"minecraft:chiseled_polished_blackstone":1,"minecraft:stone_sword":62,"minecraft:stone_pickaxe":217,"minecraft:diamond_hoe":82,"minecraft:shield":5,"minecraft:wooden_pickaxe":17,"minecraft:iron_sword":31,"minecraft:cooked_chicken":6,"minecraft:rotten_flesh":10,"minecraft:white_wool":1,"minecraft:torch":52,"minecraft:dirt":15,"minecraft:mutton":2,"minecraft:crafting_table":4,"minecraft:white_bed":4,"minecraft:granite":25,"minecraft:wooden_axe":43,"minecraft:diamond_pickaxe":437,"minecraft:melon_slice":43,"minecraft:iron_pickaxe":178,"minecraft:quartz_block":10,"minecraft:diamond_sword":47,"minecraft:light_gray_wool":1,"minecraft:golden_leggings":1,"minecraft:cobblestone":5,"minecraft:beef":2,"minecraft:porkchop":2,"minecraft:potato":1,"minecraft:cobbled_deepslate":403},"minecraft:mined":{"minecraft:tuff":33,"minecraft:white_bed":4,"minecraft:quartz_block":6,"minecraft:crafting_table":2,"minecraft:torch":2,"minecraft:granite":34,"minecraft:emerald_ore":7,"minecraft:grass_block":4,"minecraft:melon":9,"minecraft:sculk_sensor":17,"minecraft:tall_grass":7,"minecraft:cobblestone":3,"minecraft:deepslate_gold_ore":8,"minecraft:sculk":56,"minecraft:wall_torch":2,"minecraft:tall_seagrass":1,"minecraft:sculk_catalyst":2,"minecraft:iron_ore":57,"minecraft:cobbled_deepslate":56,"minecraft:andesite":5,"minecraft:grass":27,"minecraft:sculk_shrieker":8,"minecraft:vine":1,"minecraft:coal_ore":107,"minecraft:oak_log":15,"minecraft:deepslate_iron_ore":6,"minecraft:gravel":2,"minecraft:dirt":21,"minecraft:stone":97,"minecraft:oak_leaves":2,"minecraft:deepslate":415},"minecraft:custom":{"minecraft:interact_with_furnace":8,"minecraft:mob_kills":27,"minecraft:interact_with_crafting_table":11,"minecraft:leave_game":2,"minecraft:time_since_death":96968,"minecraft:sleep_in_bed":3,"minecraft:climb_one_cm":4630,"minecraft:time_since_rest":97011,"minecraft:sprint_one_cm":194312,"minecraft:damage_taken":2450,"minecraft:walk_one_cm":416816,"minecraft:damage_blocked_by_shield":205,"minecraft:drop":34,"minecraft:damage_dealt":5534,"minecraft:swim_one_cm":20353,"minecraft:fly_one_cm":254166,"minecraft:player_kills":1,"minecraft:open_chest":9,"minecraft:crouch_one_cm":34056,"minecraft:play_time":141316,"minecraft:deaths":2,"minecraft:sneak_time":12528,"minecraft:walk_under_water_one_cm":11672,"minecraft:jump":2888,"minecraft:walk_on_water_one_cm":31501,"minecraft:total_world_time":141316,"minecraft:fall_one_cm":75827},"minecraft:dropped":{"minecraft:porkchop":7,"minecraft:cobbled_deepslate":10,"minecraft:crafting_table":1,"minecraft:diamond_hoe":1,"minecraft:raw_iron":36,"minecraft:cobblestone":46,"minecraft:coal":45,"minecraft:stick":64,"minecraft:emerald":5}},"DataVersion":3465}