{"stats":{"minecraft:custom":{"minecraft:interact_with_furnace":3,"minecraft:mob_kills":13,"minecraft:interact_with_crafting_table":4,"minecraft:time_since_death":15652,"minecraft:sleep_in_bed":3,"minecraft:climb_one_cm":3960,"minecraft:time_since_rest":15695,"minecraft:sprint_one_cm":136731,"minecraft:damage_taken":1556,"minecraft:walk_one_cm":193554,"minecraft:damage_blocked_by_shield":30,"minecraft:drop":31,"minecraft:damage_dealt":2620,"minecraft:swim_one_cm":20353,"minecraft:fly_one_cm":170125,"minecraft:player_kills":1,"minecraft:open_chest":2,"minecraft:crouch_one_cm":9948,"minecraft:play_time":60000,"minecraft:deaths":2,"minecraft:sneak_time":3499,"minecraft:walk_under_water_one_cm":5903,"minecraft:jump":1472,"minecraft:walk_on_water_one_cm":23979,"minecraft:total_world_time":60000,"minecraft:fall_one_cm":42810},"minecraft:killed_by":{"minecraft:player":1},"minecraft:mined":{"minecraft:white_bed":3,"minecraft:quartz_block":5,"minecraft:crafting_table":2,"minecraft:granite":17,"minecraft:grass_block":3,"minecraft:melon":9,"minecraft:tall_grass":7,"minecraft:tall_seagrass":1,"minecraft:iron_ore":26,"minecraft:grass":22,"minecraft:oak_log":15,"minecraft:coal_ore":17,"minecraft:deepslate_iron_ore":6,"minecraft:vine":1,"minecraft:stone":50,"minecraft:deepslate":17,"minecraft:oak_leaves":2},"minecraft:dropped":{"minecraft:porkchop":7,"minecraft:cobbled_deepslate":10,"minecraft:crafting_table":1,"minecraft:raw_iron":36,"minecraft:cobblestone":46,"minecraft:coal":45},"minecraft:crafted":{"minecraft:oak_planks":68,"minecraft:crafting_table":2,"minecraft:wooden_pickaxe":1,"minecraft:stick":12,"minecraft:stone_pickaxe":1,"minecraft:wooden_axe":1,"minecraft:stone_sword":1,"minecraft:torch":28},"minecraft:broken":{"minecraft:stone_pickaxe":1,"minecraft:wooden_axe":1},"minecraft:killed":{"minecraft:pig":4,"minecraft:sheep":1,"minecraft:skeleton":5,"minecraft:zombie":1,"minecraft:cow":2},"minecraft:picked_up":{"minecraft:wooden_axe":1,"minecraft:crafting_table":4,"minecraft:glow_ink_sac":10,"minecraft:leather":6,"minecraft:wooden_pickaxe":1,"minecraft:birch_planks":41,"minecraft:oak_log":22,"minecraft:shield":2,"minecraft:dirt":28,"minecraft:cooked_mutton":9,"minecraft:bone":6,"minecraft:wheat_seeds":7,"minecraft:cobbled_deepslate":26,"minecraft:beef":2,"minecraft:stone_pickaxe":3,"minecraft:light_gray_wool":1,"minecraft:melon_slice":46,"minecraft:oak_planks":7,"minecraft:stick":14,"minecraft:raw_iron":48,"minecraft:chiseled_polished_blackstone":2,"minecraft:torch":14,"minecraft:porkchop":18,"minecraft:white_bed":4,"minecraft:stone_sword":1,"minecraft:quartz_block":20,"minecraft:arrow":10,"minecraft:rotten_flesh":2,"minecraft:granite":34,"minecraft:mutton":2,"minecraft:coal":41,"minecraft:white_wool":1,"minecraft:cobblestone":58},"minecraft:used":{"minecraft:cooked_mutton":4,"minecraft:chiseled_polished_blackstone":1,"minecraft:stone_sword":62,"minecraft:stone_pickaxe":130,"minecraft:shield":1,"minecraft:wooden_pickaxe":17,"minecraft:white_wool":1,"minecraft:torch":20,"minecraft:dirt":15,"minecraft:mutton":2,"minecraft:crafting_table":4,"minecraft:white_bed":4,"minecraft:granite":9,"minecraft:wooden_axe":43,"minecraft:melon_slice":43,"minecraft:quartz_block":10,"minecraft:golden_leggings":1,"minecraft:light_gray_wool":1,"minecraft:cobblestone":5,"minecraft:beef":2,"minecraft:porkchop":2,"minecraft:cobbled_deepslate":6}},"DataVersion":3465}