{"stats":{"minecraft:custom":{"minecraft:interact_with_furnace":8,"minecraft:mob_kills":13,"minecraft:interact_with_crafting_table":9,"minecraft:time_since_death":27652,"minecraft:sleep_in_bed":3,"minecraft:climb_one_cm":3960,"minecraft:time_since_rest":27695,"minecraft:sprint_one_cm":143569,"minecraft:damage_taken":1706,"minecraft:walk_one_cm":224549,"minecraft:damage_blocked_by_shield":30,"minecraft:drop":32,"minecraft:damage_dealt":2647,"minecraft:swim_one_cm":20353,"minecraft:fly_one_cm":175023,"minecraft:player_kills":1,"minecraft:open_chest":2,"minecraft:crouch_one_cm":17524,"minecraft:play_time":72000,"minecraft:deaths":2,"minecraft:sneak_time":5526,"minecraft:walk_under_water_one_cm":5903,"minecraft:jump":1633,"minecraft:walk_on_water_one_cm":27061,"minecraft:total_world_time":72000,"minecraft:fall_one_cm":46295},"minecraft:killed_by":{"minecraft:player":1},"minecraft:mined":{"minecraft:tuff":14,"minecraft:white_bed":3,"minecraft:quartz_block":5,"minecraft:crafting_table":2,"minecraft:granite":17,"minecraft:grass_block":3,"minecraft:melon":9,"minecraft:sculk_sensor":1,"minecraft:tall_grass":7,"minecraft:sculk":3,"minecraft:tall_seagrass":1,"minecraft:iron_ore":26,"minecraft:sculk_shrieker":4,"minecraft:grass":22,"minecraft:oak_log":15,"minecraft:coal_ore":17,"minecraft:deepslate_iron_ore":6,"minecraft:vine":1,"minecraft:stone":50,"minecraft:deepslate":88,"minecraft:oak_leaves":2},"minecraft:dropped":{"minecraft:porkchop":7,"minecraft:cobbled_deepslate":10,"minecraft:crafting_table":1,"minecraft:diamond_hoe":1,"minecraft:raw_iron":36,"minecraft:cobblestone":46,"minecraft:coal":45},"minecraft:crafted":{"minecraft:oak_planks":68,"minecraft:crafting_table":2,"minecraft:wooden_pickaxe":1,"minecraft:iron_helmet":1,"minecraft:iron_sword":1,"minecraft:iron_chestplate":1,"minecraft:stick":92,"minecraft:iron_ingot":4,"minecraft:iron_pickaxe":1,"minecraft:stone_pickaxe":1,"minecraft:wooden_axe":1,"minecraft:stone_sword":1,"minecraft:torch":80},"minecraft:broken":{"minecraft:stone_pickaxe":1,"minecraft:wooden_axe":1},"minecraft:killed":{"minecraft:pig":4,"minecraft:sheep":1,"minecraft:skeleton":5,"minecraft:zombie":1,"minecraft:cow":2},"minecraft:picked_up":{"minecraft:wooden_axe":1,"minecraft:crafting_table":4,"minecraft:glow_ink_sac":15,"minecraft:leather":6,"minecraft:wooden_pickaxe":1,"minecraft:birch_planks":41,"minecraft:tuff":14,"minecraft:oak_log":22,"minecraft:shield":2,"minecraft:dirt":28,"minecraft:cooked_mutton":11,"minecraft:bone":6,"minecraft:wheat_seeds":7,"minecraft:cobbled_deepslate":96,"minecraft:iron_ingot":16,"minecraft:beef":2,"minecraft:stone_pickaxe":3,"minecraft:light_gray_wool":1,"minecraft:melon_slice":46,"minecraft:oak_planks":7,"minecraft:diamond_hoe":1,"minecraft:stick":14,"minecraft:raw_iron":52,"minecraft:chiseled_polished_blackstone":2,"minecraft:torch":14,"minecraft:porkchop":18,"minecraft:white_bed":4,"minecraft:stone_sword":1,"minecraft:quartz_block":20,"minecraft:arrow":10,"minecraft:rotten_flesh":2,"minecraft:granite":34,"minecraft:mutton":2,"minecraft:coal":41,"minecraft:white_wool":1,"minecraft:cobblestone":58},"minecraft:used":{"minecraft:cooked_mutton":6,"minecraft:chiseled_polished_blackstone":1,"minecraft:stone_sword":62,"minecraft:stone_pickaxe":216,"minecraft:diamond_hoe":6,"minecraft:shield":1,"minecraft:wooden_pickaxe":17,"minecraft:rotten_flesh":1,"minecraft:white_wool":1,"minecraft:torch":26,"minecraft:dirt":15,"minecraft:mutton":2,"minecraft:crafting_table":4,"minecraft:white_bed":4,"minecraft:granite":9,"minecraft:wooden_axe":43,"minecraft:melon_slice":43,"minecraft:iron_pickaxe":2,"minecraft:quartz_block":10,"minecraft:golden_leggings":1,"minecraft:light_gray_wool":1,"minecraft:cobblestone":5,"minecraft:beef":2,"minecraft:porkchop":2,"minecraft:cobbled_deepslate":6}},"DataVersion":3465}