{"stats":{"minecraft:custom":{"minecraft:time_since_rest":11309,"minecraft:sprint_one_cm":89530,"minecraft:damage_taken":635,"minecraft:walk_one_cm":111034,"minecraft:mob_kills":10,"minecraft:drop":12,"minecraft:damage_dealt":1655,"minecraft:swim_one_cm":20353,"minecraft:interact_with_crafting_table":4,"minecraft:fly_one_cm":106767,"minecraft:open_chest":1,"minecraft:crouch_one_cm":1255,"minecraft:play_time":36000,"minecraft:deaths":1,"minecraft:sneak_time":980,"minecraft:walk_under_water_one_cm":5024,"minecraft:jump":871,"minecraft:walk_on_water_one_cm":13970,"minecraft:time_since_death":24891,"minecraft:sleep_in_bed":2,"minecraft:total_world_time":36000,"minecraft:climb_one_cm":3716,"minecraft:fall_one_cm":21957},"minecraft:mined":{"minecraft:tall_seagrass":1,"minecraft:white_bed":1,"minecraft:quartz_block":5,"minecraft:iron_ore":13,"minecraft:granite":2,"minecraft:crafting_table":2,"minecraft:coal_ore":12,"minecraft:grass":22,"minecraft:grass_block":3,"minecraft:oak_log":15,"minecraft:melon":9,"minecraft:vine":1,"minecraft:tall_grass":7,"minecraft:stone":48,"minecraft:oak_leaves":2},"minecraft:dropped":{"minecraft:porkchop":7,"minecraft:crafting_table":1,"minecraft:raw_iron":4},"minecraft:broken":{"minecraft:wooden_axe":1},"minecraft:crafted":{"minecraft:oak_planks":68,"minecraft:crafting_table":2,"minecraft:stick":12,"minecraft:wooden_pickaxe":1,"minecraft:stone_pickaxe":1,"minecraft:wooden_axe":1,"minecraft:stone_sword":1},"minecraft:killed":{"minecraft:skeleton":2,"minecraft:sheep":1,"minecraft:zombie":1,"minecraft:pig":4,"minecraft:cow":2},"minecraft:picked_up":{"minecraft:wooden_axe":1,"minecraft:raw_iron":17,"minecraft:stick":12,"minecraft:crafting_table":4,"minecraft:chiseled_polished_blackstone":2,"minecraft:leather":3,"minecraft:porkchop":18,"minecraft:oak_log":22,"minecraft:white_bed":2,"minecraft:dirt":13,"minecraft:bone":1,"minecraft:quartz_block":15,"minecraft:arrow":1,"minecraft:rotten_flesh":1,"minecraft:wheat_seeds":4,"minecraft:granite":2,"minecraft:beef":2,"minecraft:light_gray_wool":1,"minecraft:melon_slice":43,"minecraft:coal":11,"minecraft:mutton":2,"minecraft:oak_planks":7,"minecraft:cobblestone":52},"minecraft:used":{"minecraft:chiseled_polished_blackstone":1,"minecraft:wooden_axe":43,"minecraft:stone_sword":26,"minecraft:stone_pickaxe":71,"minecraft:melon_slice":15,"minecraft:quartz_block":5,"minecraft:wooden_pickaxe":17,"minecraft:cobblestone":1,"minecraft:golden_leggings":1,"minecraft:light_gray_wool":1,"minecraft:dirt":7,"minecraft:mutton":2,"minecraft:beef":2,"minecraft:crafting_table":4,"minecraft:porkchop":2,"minecraft:white_bed":2}},"DataVersion":3465}