{"stats":{"minecraft:custom":{"minecraft:time_since_rest":490,"minecraft:walk_one_cm":14038,"minecraft:sprint_one_cm":30353,"minecraft:play_time":9116,"minecraft:damage_taken":202,"minecraft:deaths":1,"minecraft:walk_under_water_one_cm":178,"minecraft:jump":251,"minecraft:damage_dealt":237,"minecraft:leave_game":2,"minecraft:time_since_death":0,"minecraft:walk_on_water_one_cm":424,"minecraft:total_world_time":9116,"minecraft:swim_one_cm":1850,"minecraft:fall_one_cm":7992,"minecraft:fly_one_cm":60374},"minecraft:killed_by":{"minecraft:spider":1},"minecraft:mined":{"minecraft:oak_log":8,"minecraft:dead_bush":13,"minecraft:sugar_cane":9,"minecraft:oak_leaves":3},"minecraft:crafted":{"minecraft:oak_planks":16},"minecraft:picked_up":{"minecraft:stick":16,"minecraft:oak_log":8,"minecraft:sugar_cane":9}},"DataVersion":3465}