{"stats":{"minecraft:killed_by":{"minecraft:player":2,"minecraft:spider":1,"minecraft:enderman":1,"minecraft:drowned":1,"minecraft:skeleton":1},"minecraft:broken":{"minecraft:iron_pickaxe":1},"minecraft:crafted":{"minecraft:yellow_wool":3,"minecraft:oak_planks":204,"minecraft:stone_shovel":1,"minecraft:furnace":1,"minecraft:yellow_bed":1,"minecraft:cooked_mutton":1,"minecraft:diamond_helmet":1,"minecraft:diamond_leggings":1,"minecraft:ladder":69,"minecraft:stone_pickaxe":1,"minecraft:diamond_boots":1,"minecraft:diamond_sword":1,"minecraft:cooked_porkchop":5,"minecraft:crafting_table":4,"minecraft:jungle_boat":1,"minecraft:wooden_pickaxe":1,"minecraft:iron_sword":1,"minecraft:bucket":1,"minecraft:air":0,"minecraft:jungle_planks":12,"minecraft:oak_boat":2,"minecraft:diamond_pickaxe":1,"minecraft:yellow_dye":3,"minecraft:shield":1,"minecraft:stick":184,"minecraft:iron_ingot":15,"minecraft:iron_pickaxe":2,"minecraft:torch":8,"minecraft:diamond_chestplate":1},"minecraft:killed":{"minecraft:skeleton":1,"minecraft:husk":6,"minecraft:pig":3,"minecraft:sheep":3,"minecraft:zombie":1,"minecraft:enderman":2},"minecraft:picked_up":{"minecraft:cocoa_beans":13,"minecraft:crafting_table":9,"minecraft:ladder":39,"minecraft:wooden_pickaxe":1,"minecraft:flint_and_steel":4,"minecraft:cobbled_deepslate":166,"minecraft:oak_boat":9,"minecraft:iron_pickaxe":3,"minecraft:light_gray_wool":1,"minecraft:sugar_cane":80,"minecraft:furnace":5,"minecraft:stick":45,"minecraft:raw_iron":17,"minecraft:sandstone":125,"minecraft:torch":15,"minecraft:green_bed":11,"minecraft:porkchop":5,"minecraft:diorite":54,"minecraft:stone_shovel":2,"minecraft:arrow":6,"minecraft:cactus":2,"minecraft:rotten_flesh":35,"minecraft:hay_block":75,"minecraft:mutton":9,"minecraft:cobblestone":472,"minecraft:lime_bed":8,"minecraft:clock":3,"minecraft:jungle_boat":4,"minecraft:golden_carrot":18,"minecraft:water_bucket":2,"minecraft:jungle_log":3,"minecraft:cut_sandstone":32,"minecraft:tuff":4,"minecraft:oak_log":86,"minecraft:yellow_bed":3,"minecraft:dirt":69,"minecraft:cooked_mutton":3,"minecraft:smooth_sandstone":51,"minecraft:wheat_seeds":2,"minecraft:iron_ingot":8,"minecraft:stone_pickaxe":1,"minecraft:fletching_table":3,"minecraft:bamboo":488,"minecraft:oak_planks":145,"minecraft:iron_sword":3,"minecraft:birch_boat":11,"minecraft:cooked_porkchop":3,"minecraft:dandelion":3,"minecraft:jungle_planks":4,"minecraft:sand":112,"minecraft:diamond":277,"minecraft:granite":77,"minecraft:gray_wool":1,"minecraft:terracotta":4,"minecraft:black_wool":1,"minecraft:coal":24,"minecraft:diamond_pickaxe":1,"minecraft:ender_pearl":3},"minecraft:used":{"minecraft:stone_shovel":37,"minecraft:ladder":58,"minecraft:iron_sword":68,"minecraft:rotten_flesh":8,"minecraft:torch":5,"minecraft:dirt":23,"minecraft:jungle_planks":1,"minecraft:lava_bucket":2,"minecraft:smooth_sandstone":29,"minecraft:golden_carrot":2,"minecraft:furnace":4,"minecraft:cobbled_deepslate":84,"minecraft:cooked_mutton":1,"minecraft:water_bucket":15,"minecraft:stone_pickaxe":115,"minecraft:oak_planks":4,"minecraft:birch_boat":8,"minecraft:wooden_pickaxe":4,"minecraft:sandstone":71,"minecraft:cut_sandstone":20,"minecraft:fletching_table":1,"minecraft:green_bed":7,"minecraft:jungle_boat":3,"minecraft:sand":29,"minecraft:lime_bed":3,"minecraft:crafting_table":9,"minecraft:diamond_pickaxe":867,"minecraft:bread":3,"minecraft:iron_pickaxe":442,"minecraft:diamond_sword":51,"minecraft:cobblestone":186,"minecraft:cooked_porkchop":5,"minecraft:bucket":18,"minecraft:oak_boat":6},"minecraft:mined":{"minecraft:diamond_ore":7,"minecraft:tuff":59,"minecraft:deepslate_diamond_ore":147,"minecraft:ladder":5,"minecraft:granite":15,"minecraft:grass_block":2,"minecraft:jungle_planks":1,"minecraft:jungle_log":3,"minecraft:sandstone":89,"minecraft:hay_block":45,"minecraft:furnace":4,"minecraft:iron_ore":16,"minecraft:cobbled_deepslate":2,"minecraft:fletching_table":2,"minecraft:vine":3,"minecraft:bamboo":13,"minecraft:stone":307,"minecraft:bone_block":3,"minecraft:green_bed":8,"minecraft:cut_sandstone":22,"minecraft:dandelion":3,"minecraft:smooth_sandstone":36,"minecraft:crafting_table":6,"minecraft:dead_bush":13,"minecraft:cobblestone":28,"minecraft:sugar_cane":24,"minecraft:diorite":18,"minecraft:wall_torch":3,"minecraft:lime_bed":5,"minecraft:grass":23,"minecraft:oak_log":55,"minecraft:coal_ore":10,"minecraft:gravel":1,"minecraft:sand":49,"minecraft:dirt":7,"minecraft:terracotta":4,"minecraft:oak_leaves":8,"minecraft:fern":2,"minecraft:deepslate":647},"minecraft:custom":{"minecraft:mob_kills":16,"minecraft:interact_with_crafting_table":30,"minecraft:bell_ring":9,"minecraft:leave_game":7,"minecraft:time_since_death":71937,"minecraft:climb_one_cm":93575,"minecraft:sprint_one_cm":294823,"minecraft:walk_one_cm":298410,"minecraft:drop":38,"minecraft:talked_to_villager":48,"minecraft:play_time":202186,"minecraft:deaths":8,"minecraft:sneak_time":7301,"minecraft:walk_under_water_one_cm":8028,"minecraft:boat_one_cm":450925,"minecraft:jump":2795,"minecraft:interact_with_brewingstand":1,"minecraft:walk_on_water_one_cm":27151,"minecraft:total_world_time":202186,"minecraft:interact_with_furnace":45,"minecraft:sleep_in_bed":6,"minecraft:time_since_rest":599,"minecraft:damage_taken":2578,"minecraft:damage_dealt":3980,"minecraft:swim_one_cm":14742,"minecraft:player_kills":1,"minecraft:fly_one_cm":415547,"minecraft:open_chest":4,"minecraft:crouch_one_cm":7184,"minecraft:fall_one_cm":64049},"minecraft:dropped":{"minecraft:wheat_seeds":1,"minecraft:cobblestone":148,"minecraft:granite":30,"minecraft:fletching_table":1,"minecraft:dirt":1,"minecraft:mutton":2,"minecraft:sand":21,"minecraft:cactus":2,"minecraft:smooth_sandstone":6,"minecraft:cobbled_deepslate":43,"minecraft:cocoa_beans":7,"minecraft:tuff":4,"minecraft:raw_iron":2,"minecraft:stone_shovel":1,"minecraft:rotten_flesh":2,"minecraft:flint_and_steel":1,"minecraft:diamond_pickaxe":1,"minecraft:birch_boat":1,"minecraft:arrow":2,"minecraft:stone_pickaxe":1,"minecraft:terracotta":4}},"DataVersion":3465}