{"stats":{"minecraft:killed_by":{"minecraft:player":1,"minecraft:spider":1},"minecraft:crafted":{"minecraft:yellow_wool":3,"minecraft:oak_planks":64,"minecraft:cooked_porkchop":5,"minecraft:crafting_table":1,"minecraft:wooden_pickaxe":1,"minecraft:iron_sword":1,"minecraft:furnace":1,"minecraft:yellow_bed":1,"minecraft:cooked_mutton":1,"minecraft:air":0,"minecraft:oak_boat":1,"minecraft:yellow_dye":3,"minecraft:stick":12,"minecraft:iron_ingot":5,"minecraft:iron_pickaxe":1,"minecraft:stone_pickaxe":1},"minecraft:killed":{"minecraft:pig":3,"minecraft:sheep":3},"minecraft:picked_up":{"minecraft:crafting_table":5,"minecraft:oak_log":51,"minecraft:dirt":17,"minecraft:wheat_seeds":1,"minecraft:oak_boat":3,"minecraft:light_gray_wool":1,"minecraft:fletching_table":1,"minecraft:bamboo":115,"minecraft:sugar_cane":17,"minecraft:furnace":3,"minecraft:stick":17,"minecraft:raw_iron":5,"minecraft:dandelion":3,"minecraft:green_bed":1,"minecraft:porkchop":5,"minecraft:hay_block":4,"minecraft:gray_wool":1,"minecraft:black_wool":1,"minecraft:mutton":6,"minecraft:coal":17,"minecraft:cobblestone":68},"minecraft:used":{"minecraft:cooked_mutton":1,"minecraft:stone_pickaxe":79,"minecraft:oak_planks":4,"minecraft:wooden_pickaxe":4,"minecraft:iron_sword":35,"minecraft:crafting_table":5,"minecraft:iron_pickaxe":6,"minecraft:cobblestone":4,"minecraft:furnace":3,"minecraft:cooked_porkchop":2,"minecraft:oak_boat":3},"minecraft:mined":{"minecraft:dandelion":3,"minecraft:crafting_table":5,"minecraft:grass_block":1,"minecraft:dead_bush":13,"minecraft:sugar_cane":12,"minecraft:hay_block":5,"minecraft:furnace":3,"minecraft:iron_ore":5,"minecraft:fletching_table":1,"minecraft:grass":6,"minecraft:coal_ore":10,"minecraft:oak_log":51,"minecraft:dirt":1,"minecraft:bamboo":11,"minecraft:stone":68,"minecraft:oak_leaves":8,"minecraft:green_bed":1,"minecraft:fern":1},"minecraft:custom":{"minecraft:interact_with_furnace":37,"minecraft:mob_kills":6,"minecraft:interact_with_crafting_table":12,"minecraft:leave_game":5,"minecraft:time_since_death":37237,"minecraft:sleep_in_bed":1,"minecraft:climb_one_cm":875,"minecraft:time_since_rest":1829,"minecraft:sprint_one_cm":71746,"minecraft:damage_taken":665,"minecraft:walk_one_cm":62486,"minecraft:drop":2,"minecraft:damage_dealt":1018,"minecraft:swim_one_cm":8578,"minecraft:talked_to_villager":1,"minecraft:player_kills":1,"minecraft:fly_one_cm":125913,"minecraft:open_chest":1,"minecraft:crouch_one_cm":221,"minecraft:play_time":47387,"minecraft:deaths":2,"minecraft:sneak_time":168,"minecraft:walk_under_water_one_cm":1548,"minecraft:boat_one_cm":96345,"minecraft:jump":770,"minecraft:walk_on_water_one_cm":4282,"minecraft:total_world_time":47387,"minecraft:fall_one_cm":18393},"minecraft:dropped":{"minecraft:mutton":2}},"DataVersion":3465}