{"stats":{"minecraft:killed_by":{"minecraft:player":1,"minecraft:spider":1,"minecraft:enderman":1},"minecraft:crafted":{"minecraft:yellow_wool":3,"minecraft:oak_planks":80,"minecraft:stone_shovel":1,"minecraft:cooked_porkchop":5,"minecraft:crafting_table":2,"minecraft:wooden_pickaxe":1,"minecraft:iron_sword":1,"minecraft:furnace":1,"minecraft:yellow_bed":1,"minecraft:cooked_mutton":1,"minecraft:air":0,"minecraft:oak_boat":2,"minecraft:yellow_dye":3,"minecraft:ladder":18,"minecraft:stick":56,"minecraft:iron_ingot":5,"minecraft:iron_pickaxe":1,"minecraft:stone_pickaxe":1},"minecraft:killed":{"minecraft:husk":1,"minecraft:pig":3,"minecraft:sheep":3},"minecraft:picked_up":{"minecraft:crafting_table":7,"minecraft:clock":1,"minecraft:golden_carrot":6,"minecraft:cut_sandstone":2,"minecraft:wooden_pickaxe":1,"minecraft:oak_log":86,"minecraft:yellow_bed":1,"minecraft:dirt":37,"minecraft:flint_and_steel":1,"minecraft:smooth_sandstone":1,"minecraft:wheat_seeds":2,"minecraft:stone_pickaxe":1,"minecraft:oak_boat":6,"minecraft:iron_pickaxe":1,"minecraft:light_gray_wool":1,"minecraft:fletching_table":3,"minecraft:bamboo":244,"minecraft:sugar_cane":32,"minecraft:oak_planks":23,"minecraft:iron_sword":1,"minecraft:furnace":4,"minecraft:stick":23,"minecraft:raw_iron":5,"minecraft:cooked_porkchop":3,"minecraft:birch_boat":4,"minecraft:dandelion":3,"minecraft:green_bed":2,"minecraft:sand":3,"minecraft:porkchop":5,"minecraft:cactus":2,"minecraft:hay_block":20,"minecraft:gray_wool":1,"minecraft:terracotta":2,"minecraft:black_wool":1,"minecraft:mutton":9,"minecraft:coal":24,"minecraft:cobblestone":122},"minecraft:used":{"minecraft:cooked_mutton":1,"minecraft:stone_shovel":3,"minecraft:stone_pickaxe":79,"minecraft:oak_planks":4,"minecraft:birch_boat":4,"minecraft:wooden_pickaxe":4,"minecraft:iron_sword":41,"minecraft:fletching_table":1,"minecraft:dirt":6,"minecraft:crafting_table":6,"minecraft:iron_pickaxe":14,"minecraft:cobblestone":4,"minecraft:furnace":3,"minecraft:cooked_porkchop":3,"minecraft:oak_boat":5},"minecraft:mined":{"minecraft:cut_sandstone":2,"minecraft:dandelion":3,"minecraft:smooth_sandstone":1,"minecraft:crafting_table":6,"minecraft:grass_block":2,"minecraft:dead_bush":13,"minecraft:cobblestone":1,"minecraft:sugar_cane":17,"minecraft:hay_block":10,"minecraft:furnace":3,"minecraft:iron_ore":5,"minecraft:fletching_table":2,"minecraft:grass":6,"minecraft:coal_ore":10,"minecraft:oak_log":55,"minecraft:sand":3,"minecraft:dirt":3,"minecraft:terracotta":2,"minecraft:bamboo":13,"minecraft:stone":68,"minecraft:oak_leaves":8,"minecraft:green_bed":1,"minecraft:fern":2},"minecraft:custom":{"minecraft:interact_with_furnace":37,"minecraft:mob_kills":7,"minecraft:interact_with_crafting_table":15,"minecraft:leave_game":5,"minecraft:time_since_death":15514,"minecraft:sleep_in_bed":2,"minecraft:climb_one_cm":5661,"minecraft:time_since_rest":1297,"minecraft:sprint_one_cm":131721,"minecraft:damage_taken":1050,"minecraft:walk_one_cm":91520,"minecraft:drop":3,"minecraft:damage_dealt":1302,"minecraft:swim_one_cm":10602,"minecraft:talked_to_villager":18,"minecraft:player_kills":1,"minecraft:fly_one_cm":235096,"minecraft:open_chest":3,"minecraft:crouch_one_cm":282,"minecraft:play_time":71337,"minecraft:deaths":4,"minecraft:sneak_time":193,"minecraft:walk_under_water_one_cm":1696,"minecraft:boat_one_cm":315360,"minecraft:interact_with_brewingstand":1,"minecraft:jump":1340,"minecraft:walk_on_water_one_cm":5999,"minecraft:total_world_time":71337,"minecraft:fall_one_cm":36850},"minecraft:dropped":{"minecraft:dirt":1,"minecraft:mutton":2}},"DataVersion":3465}