{"stats":{"minecraft:custom":{"minecraft:time_since_rest":8895,"minecraft:crouch_one_cm":198,"minecraft:deaths":2,"minecraft:play_time":19011,"minecraft:sprint_one_cm":48053,"minecraft:damage_taken":530,"minecraft:walk_one_cm":25824,"minecraft:sneak_time":131,"minecraft:walk_under_water_one_cm":1223,"minecraft:mob_kills":1,"minecraft:drop":2,"minecraft:jump":421,"minecraft:damage_dealt":558,"minecraft:leave_game":3,"minecraft:walk_on_water_one_cm":1714,"minecraft:time_since_death":8861,"minecraft:total_world_time":19011,"minecraft:swim_one_cm":5679,"minecraft:fall_one_cm":10618,"minecraft:fly_one_cm":89670,"minecraft:player_kills":1},"minecraft:killed_by":{"minecraft:spider":1,"minecraft:player":1},"minecraft:mined":{"minecraft:grass":1,"minecraft:oak_log":46,"minecraft:dead_bush":13,"minecraft:dandelion":3,"minecraft:sugar_cane":9,"minecraft:oak_leaves":7},"minecraft:dropped":{"minecraft:mutton":2},"minecraft:crafted":{"minecraft:oak_planks":64},"minecraft:killed":{"minecraft:sheep":1},"minecraft:picked_up":{"minecraft:stick":17,"minecraft:dandelion":3,"minecraft:oak_log":46,"minecraft:black_wool":1,"minecraft:sugar_cane":9,"minecraft:mutton":3}},"DataVersion":3465}