{"stats":{"minecraft:killed_by":{"minecraft:player":1,"minecraft:spider":1,"minecraft:enderman":1},"minecraft:crafted":{"minecraft:yellow_wool":3,"minecraft:oak_planks":80,"minecraft:cooked_porkchop":5,"minecraft:crafting_table":2,"minecraft:wooden_pickaxe":1,"minecraft:iron_sword":1,"minecraft:furnace":1,"minecraft:yellow_bed":1,"minecraft:cooked_mutton":1,"minecraft:air":0,"minecraft:oak_boat":2,"minecraft:yellow_dye":3,"minecraft:stick":12,"minecraft:iron_ingot":5,"minecraft:iron_pickaxe":1,"minecraft:stone_pickaxe":1},"minecraft:killed":{"minecraft:husk":1,"minecraft:pig":3,"minecraft:sheep":3},"minecraft:picked_up":{"minecraft:crafting_table":6,"minecraft:oak_log":55,"minecraft:dirt":18,"minecraft:wheat_seeds":1,"minecraft:oak_boat":5,"minecraft:light_gray_wool":1,"minecraft:fletching_table":1,"minecraft:bamboo":122,"minecraft:sugar_cane":17,"minecraft:furnace":3,"minecraft:stick":17,"minecraft:raw_iron":5,"minecraft:birch_boat":3,"minecraft:dandelion":3,"minecraft:green_bed":1,"minecraft:porkchop":5,"minecraft:hay_block":10,"minecraft:gray_wool":1,"minecraft:black_wool":1,"minecraft:mutton":6,"minecraft:coal":17,"minecraft:cobblestone":68},"minecraft:used":{"minecraft:cooked_mutton":1,"minecraft:stone_pickaxe":79,"minecraft:oak_planks":4,"minecraft:birch_boat":2,"minecraft:wooden_pickaxe":4,"minecraft:iron_sword":41,"minecraft:crafting_table":6,"minecraft:iron_pickaxe":6,"minecraft:cobblestone":4,"minecraft:furnace":3,"minecraft:cooked_porkchop":2,"minecraft:oak_boat":5},"minecraft:mined":{"minecraft:dandelion":3,"minecraft:crafting_table":6,"minecraft:grass_block":2,"minecraft:dead_bush":13,"minecraft:sugar_cane":12,"minecraft:hay_block":10,"minecraft:furnace":3,"minecraft:iron_ore":5,"minecraft:fletching_table":1,"minecraft:grass":6,"minecraft:coal_ore":10,"minecraft:oak_log":55,"minecraft:dirt":1,"minecraft:bamboo":12,"minecraft:stone":68,"minecraft:oak_leaves":8,"minecraft:green_bed":1,"minecraft:fern":2},"minecraft:custom":{"minecraft:interact_with_furnace":37,"minecraft:mob_kills":7,"minecraft:interact_with_crafting_table":13,"minecraft:leave_game":5,"minecraft:time_since_death":3514,"minecraft:sleep_in_bed":1,"minecraft:climb_one_cm":5463,"minecraft:time_since_rest":3534,"minecraft:sprint_one_cm":107451,"minecraft:damage_taken":1050,"minecraft:walk_one_cm":74816,"minecraft:drop":3,"minecraft:damage_dealt":1302,"minecraft:swim_one_cm":10602,"minecraft:talked_to_villager":1,"minecraft:player_kills":1,"minecraft:fly_one_cm":191600,"minecraft:open_chest":1,"minecraft:crouch_one_cm":222,"minecraft:play_time":59337,"minecraft:deaths":4,"minecraft:sneak_time":169,"minecraft:walk_under_water_one_cm":1696,"minecraft:boat_one_cm":208170,"minecraft:jump":1100,"minecraft:walk_on_water_one_cm":5684,"minecraft:total_world_time":59337,"minecraft:fall_one_cm":30824},"minecraft:dropped":{"minecraft:dirt":1,"minecraft:mutton":2}},"DataVersion":3465}