{"stats":{"minecraft:killed_by":{"minecraft:player":1,"minecraft:spider":1,"minecraft:enderman":1},"minecraft:broken":{"minecraft:iron_pickaxe":1},"minecraft:crafted":{"minecraft:yellow_wool":3,"minecraft:oak_planks":204,"minecraft:stone_shovel":1,"minecraft:cooked_porkchop":5,"minecraft:crafting_table":2,"minecraft:wooden_pickaxe":1,"minecraft:iron_sword":1,"minecraft:furnace":1,"minecraft:yellow_bed":1,"minecraft:bucket":1,"minecraft:cooked_mutton":1,"minecraft:air":0,"minecraft:oak_boat":2,"minecraft:yellow_dye":3,"minecraft:ladder":69,"minecraft:stick":184,"minecraft:iron_ingot":15,"minecraft:iron_pickaxe":2,"minecraft:stone_pickaxe":1,"minecraft:torch":8},"minecraft:killed":{"minecraft:husk":3,"minecraft:pig":3,"minecraft:skeleton":1,"minecraft:sheep":3,"minecraft:zombie":1,"minecraft:enderman":1},"minecraft:picked_up":{"minecraft:lime_bed":2,"minecraft:crafting_table":7,"minecraft:clock":1,"minecraft:ladder":2,"minecraft:golden_carrot":6,"minecraft:cut_sandstone":16,"minecraft:wooden_pickaxe":1,"minecraft:oak_log":86,"minecraft:yellow_bed":1,"minecraft:dirt":38,"minecraft:flint_and_steel":1,"minecraft:smooth_sandstone":34,"minecraft:wheat_seeds":2,"minecraft:stone_pickaxe":1,"minecraft:oak_boat":6,"minecraft:iron_pickaxe":1,"minecraft:light_gray_wool":1,"minecraft:fletching_table":3,"minecraft:bamboo":244,"minecraft:sugar_cane":32,"minecraft:oak_planks":23,"minecraft:iron_sword":1,"minecraft:furnace":4,"minecraft:stick":23,"minecraft:raw_iron":15,"minecraft:sandstone":89,"minecraft:cooked_porkchop":3,"minecraft:birch_boat":8,"minecraft:torch":1,"minecraft:dandelion":3,"minecraft:green_bed":2,"minecraft:sand":49,"minecraft:porkchop":5,"minecraft:diorite":18,"minecraft:arrow":2,"minecraft:cactus":2,"minecraft:rotten_flesh":8,"minecraft:hay_block":20,"minecraft:granite":21,"minecraft:gray_wool":1,"minecraft:terracotta":4,"minecraft:black_wool":1,"minecraft:mutton":9,"minecraft:coal":24,"minecraft:cobblestone":265,"minecraft:ender_pearl":1},"minecraft:used":{"minecraft:cooked_mutton":1,"minecraft:water_bucket":4,"minecraft:stone_shovel":37,"minecraft:stone_pickaxe":115,"minecraft:ladder":37,"minecraft:oak_planks":4,"minecraft:cut_sandstone":11,"minecraft:birch_boat":7,"minecraft:wooden_pickaxe":4,"minecraft:sandstone":71,"minecraft:iron_sword":65,"minecraft:fletching_table":1,"minecraft:green_bed":1,"minecraft:torch":2,"minecraft:dirt":6,"minecraft:sand":29,"minecraft:crafting_table":6,"minecraft:smooth_sandstone":29,"minecraft:bread":3,"minecraft:iron_pickaxe":286,"minecraft:cobblestone":82,"minecraft:furnace":4,"minecraft:cooked_porkchop":5,"minecraft:bucket":4,"minecraft:oak_boat":5},"minecraft:mined":{"minecraft:cut_sandstone":16,"minecraft:dandelion":3,"minecraft:smooth_sandstone":34,"minecraft:crafting_table":6,"minecraft:granite":6,"minecraft:grass_block":2,"minecraft:dead_bush":13,"minecraft:cobblestone":15,"minecraft:sugar_cane":17,"minecraft:wall_torch":1,"minecraft:diorite":18,"minecraft:sandstone":89,"minecraft:hay_block":10,"minecraft:lime_bed":2,"minecraft:furnace":3,"minecraft:iron_ore":15,"minecraft:fletching_table":2,"minecraft:grass":6,"minecraft:coal_ore":10,"minecraft:oak_log":55,"minecraft:sand":48,"minecraft:dirt":4,"minecraft:terracotta":4,"minecraft:bamboo":13,"minecraft:stone":184,"minecraft:oak_leaves":8,"minecraft:green_bed":1,"minecraft:fern":2},"minecraft:custom":{"minecraft:interact_with_furnace":44,"minecraft:mob_kills":12,"minecraft:interact_with_crafting_table":20,"minecraft:leave_game":5,"minecraft:time_since_death":51514,"minecraft:sleep_in_bed":3,"minecraft:climb_one_cm":52295,"minecraft:time_since_rest":7349,"minecraft:sprint_one_cm":171110,"minecraft:damage_taken":1500,"minecraft:walk_one_cm":151834,"minecraft:drop":13,"minecraft:damage_dealt":2661,"minecraft:swim_one_cm":10602,"minecraft:talked_to_villager":24,"minecraft:player_kills":1,"minecraft:fly_one_cm":268122,"minecraft:open_chest":3,"minecraft:crouch_one_cm":2244,"minecraft:play_time":107337,"minecraft:deaths":4,"minecraft:sneak_time":3870,"minecraft:walk_under_water_one_cm":2770,"minecraft:boat_one_cm":337834,"minecraft:interact_with_brewingstand":1,"minecraft:jump":1625,"minecraft:walk_on_water_one_cm":14909,"minecraft:total_world_time":107337,"minecraft:fall_one_cm":41287},"minecraft:dropped":{"minecraft:wheat_seeds":1,"minecraft:cobblestone":18,"minecraft:granite":13,"minecraft:fletching_table":1,"minecraft:dirt":1,"minecraft:mutton":2,"minecraft:stone_pickaxe":1,"minecraft:cactus":2,"minecraft:terracotta":4}},"DataVersion":3465}