{"stats":{"minecraft:killed_by":{"minecraft:player":1,"minecraft:spider":1,"minecraft:enderman":1},"minecraft:crafted":{"minecraft:yellow_wool":3,"minecraft:oak_planks":204,"minecraft:stone_shovel":1,"minecraft:cooked_porkchop":5,"minecraft:crafting_table":2,"minecraft:wooden_pickaxe":1,"minecraft:iron_sword":1,"minecraft:furnace":1,"minecraft:yellow_bed":1,"minecraft:cooked_mutton":1,"minecraft:air":0,"minecraft:oak_boat":2,"minecraft:yellow_dye":3,"minecraft:ladder":69,"minecraft:stick":184,"minecraft:iron_ingot":5,"minecraft:iron_pickaxe":1,"minecraft:stone_pickaxe":1},"minecraft:killed":{"minecraft:husk":1,"minecraft:pig":3,"minecraft:sheep":3},"minecraft:picked_up":{"minecraft:crafting_table":7,"minecraft:clock":1,"minecraft:golden_carrot":6,"minecraft:cut_sandstone":2,"minecraft:wooden_pickaxe":1,"minecraft:oak_log":86,"minecraft:yellow_bed":1,"minecraft:dirt":38,"minecraft:flint_and_steel":1,"minecraft:smooth_sandstone":5,"minecraft:wheat_seeds":2,"minecraft:stone_pickaxe":1,"minecraft:oak_boat":6,"minecraft:iron_pickaxe":1,"minecraft:light_gray_wool":1,"minecraft:fletching_table":3,"minecraft:bamboo":244,"minecraft:sugar_cane":32,"minecraft:oak_planks":23,"minecraft:iron_sword":1,"minecraft:furnace":4,"minecraft:stick":23,"minecraft:raw_iron":5,"minecraft:sandstone":71,"minecraft:cooked_porkchop":3,"minecraft:birch_boat":4,"minecraft:dandelion":3,"minecraft:green_bed":2,"minecraft:sand":47,"minecraft:porkchop":5,"minecraft:cactus":2,"minecraft:rotten_flesh":4,"minecraft:hay_block":20,"minecraft:granite":1,"minecraft:gray_wool":1,"minecraft:terracotta":4,"minecraft:black_wool":1,"minecraft:mutton":9,"minecraft:coal":24,"minecraft:cobblestone":189},"minecraft:used":{"minecraft:cooked_mutton":1,"minecraft:stone_shovel":37,"minecraft:stone_pickaxe":79,"minecraft:ladder":32,"minecraft:oak_planks":4,"minecraft:cut_sandstone":2,"minecraft:birch_boat":4,"minecraft:wooden_pickaxe":4,"minecraft:sandstone":71,"minecraft:iron_sword":42,"minecraft:fletching_table":1,"minecraft:dirt":6,"minecraft:sand":22,"minecraft:crafting_table":6,"minecraft:smooth_sandstone":2,"minecraft:bread":1,"minecraft:iron_pickaxe":164,"minecraft:cobblestone":50,"minecraft:furnace":3,"minecraft:cooked_porkchop":3,"minecraft:oak_boat":5},"minecraft:mined":{"minecraft:cut_sandstone":2,"minecraft:dandelion":3,"minecraft:smooth_sandstone":5,"minecraft:crafting_table":6,"minecraft:granite":1,"minecraft:grass_block":2,"minecraft:dead_bush":13,"minecraft:cobblestone":3,"minecraft:sugar_cane":17,"minecraft:sandstone":71,"minecraft:hay_block":10,"minecraft:furnace":3,"minecraft:iron_ore":5,"minecraft:fletching_table":2,"minecraft:grass":6,"minecraft:coal_ore":10,"minecraft:oak_log":55,"minecraft:sand":47,"minecraft:dirt":4,"minecraft:terracotta":4,"minecraft:bamboo":13,"minecraft:stone":133,"minecraft:oak_leaves":8,"minecraft:green_bed":1,"minecraft:fern":2},"minecraft:custom":{"minecraft:interact_with_furnace":37,"minecraft:mob_kills":7,"minecraft:interact_with_crafting_table":16,"minecraft:leave_game":5,"minecraft:time_since_death":27514,"minecraft:sleep_in_bed":2,"minecraft:climb_one_cm":27616,"minecraft:time_since_rest":13297,"minecraft:sprint_one_cm":140588,"minecraft:damage_taken":1200,"minecraft:walk_one_cm":105547,"minecraft:drop":4,"minecraft:damage_dealt":1361,"minecraft:swim_one_cm":10602,"minecraft:talked_to_villager":18,"minecraft:player_kills":1,"minecraft:fly_one_cm":246384,"minecraft:open_chest":3,"minecraft:crouch_one_cm":1191,"minecraft:play_time":83337,"minecraft:deaths":4,"minecraft:sneak_time":1722,"minecraft:walk_under_water_one_cm":1696,"minecraft:boat_one_cm":315360,"minecraft:interact_with_brewingstand":1,"minecraft:jump":1457,"minecraft:walk_on_water_one_cm":6178,"minecraft:total_world_time":83337,"minecraft:fall_one_cm":38313},"minecraft:dropped":{"minecraft:granite":1,"minecraft:dirt":1,"minecraft:mutton":2}},"DataVersion":3465}