{"stats":{"minecraft:killed_by":{"minecraft:player":2,"minecraft:spider":1,"minecraft:enderman":1,"minecraft:drowned":1,"minecraft:skeleton":1},"minecraft:broken":{"minecraft:iron_pickaxe":1},"minecraft:crafted":{"minecraft:yellow_wool":3,"minecraft:oak_planks":204,"minecraft:stone_shovel":1,"minecraft:furnace":1,"minecraft:yellow_bed":1,"minecraft:cooked_mutton":1,"minecraft:diamond_helmet":1,"minecraft:diamond_leggings":1,"minecraft:ladder":69,"minecraft:stone_pickaxe":1,"minecraft:diamond_boots":1,"minecraft:diamond_sword":1,"minecraft:cooked_porkchop":5,"minecraft:crafting_table":4,"minecraft:jungle_boat":1,"minecraft:wooden_pickaxe":1,"minecraft:iron_sword":1,"minecraft:bucket":1,"minecraft:air":0,"minecraft:jungle_planks":12,"minecraft:oak_boat":2,"minecraft:diamond_pickaxe":1,"minecraft:yellow_dye":3,"minecraft:shield":1,"minecraft:stick":184,"minecraft:iron_ingot":15,"minecraft:iron_pickaxe":2,"minecraft:torch":8,"minecraft:diamond_chestplate":1},"minecraft:killed":{"minecraft:skeleton":1,"minecraft:husk":3,"minecraft:pig":3,"minecraft:sheep":3,"minecraft:zombie":1,"minecraft:enderman":1},"minecraft:picked_up":{"minecraft:cocoa_beans":13,"minecraft:crafting_table":9,"minecraft:ladder":37,"minecraft:wooden_pickaxe":1,"minecraft:flint_and_steel":4,"minecraft:cobbled_deepslate":132,"minecraft:oak_boat":9,"minecraft:iron_pickaxe":3,"minecraft:light_gray_wool":1,"minecraft:sugar_cane":80,"minecraft:furnace":4,"minecraft:stick":45,"minecraft:raw_iron":16,"minecraft:sandstone":125,"minecraft:torch":14,"minecraft:green_bed":5,"minecraft:porkchop":5,"minecraft:diorite":54,"minecraft:stone_shovel":2,"minecraft:arrow":6,"minecraft:cactus":2,"minecraft:rotten_flesh":24,"minecraft:hay_block":40,"minecraft:mutton":9,"minecraft:cobblestone":471,"minecraft:lime_bed":5,"minecraft:clock":3,"minecraft:jungle_boat":4,"minecraft:golden_carrot":18,"minecraft:water_bucket":2,"minecraft:jungle_log":3,"minecraft:cut_sandstone":26,"minecraft:oak_log":86,"minecraft:yellow_bed":3,"minecraft:dirt":66,"minecraft:smooth_sandstone":44,"minecraft:wheat_seeds":2,"minecraft:iron_ingot":8,"minecraft:stone_pickaxe":1,"minecraft:fletching_table":3,"minecraft:bamboo":488,"minecraft:oak_planks":145,"minecraft:iron_sword":3,"minecraft:birch_boat":11,"minecraft:cooked_porkchop":3,"minecraft:dandelion":3,"minecraft:jungle_planks":4,"minecraft:sand":89,"minecraft:diamond":223,"minecraft:granite":77,"minecraft:gray_wool":1,"minecraft:terracotta":4,"minecraft:black_wool":1,"minecraft:coal":24,"minecraft:ender_pearl":3},"minecraft:used":{"minecraft:stone_shovel":37,"minecraft:ladder":58,"minecraft:iron_sword":68,"minecraft:torch":5,"minecraft:dirt":9,"minecraft:jungle_planks":1,"minecraft:smooth_sandstone":29,"minecraft:furnace":4,"minecraft:cobbled_deepslate":16,"minecraft:cooked_mutton":1,"minecraft:water_bucket":10,"minecraft:stone_pickaxe":115,"minecraft:oak_planks":4,"minecraft:birch_boat":8,"minecraft:wooden_pickaxe":4,"minecraft:sandstone":71,"minecraft:cut_sandstone":11,"minecraft:fletching_table":1,"minecraft:green_bed":1,"minecraft:jungle_boat":3,"minecraft:sand":29,"minecraft:lime_bed":1,"minecraft:crafting_table":9,"minecraft:diamond_pickaxe":615,"minecraft:bread":3,"minecraft:iron_pickaxe":437,"minecraft:cobblestone":186,"minecraft:cooked_porkchop":5,"minecraft:bucket":11,"minecraft:oak_boat":6},"minecraft:mined":{"minecraft:diamond_ore":7,"minecraft:tuff":46,"minecraft:deepslate_diamond_ore":93,"minecraft:ladder":3,"minecraft:granite":15,"minecraft:grass_block":2,"minecraft:jungle_planks":1,"minecraft:jungle_log":3,"minecraft:sandstone":89,"minecraft:hay_block":10,"minecraft:furnace":3,"minecraft:iron_ore":16,"minecraft:cobbled_deepslate":1,"minecraft:fletching_table":2,"minecraft:vine":3,"minecraft:bamboo":13,"minecraft:stone":305,"minecraft:bone_block":3,"minecraft:green_bed":2,"minecraft:cut_sandstone":16,"minecraft:dandelion":3,"minecraft:smooth_sandstone":34,"minecraft:crafting_table":6,"minecraft:dead_bush":13,"minecraft:cobblestone":26,"minecraft:sugar_cane":24,"minecraft:diorite":18,"minecraft:wall_torch":2,"minecraft:lime_bed":2,"minecraft:grass":23,"minecraft:oak_log":55,"minecraft:coal_ore":10,"minecraft:sand":48,"minecraft:gravel":1,"minecraft:dirt":4,"minecraft:terracotta":4,"minecraft:oak_leaves":8,"minecraft:fern":2,"minecraft:deepslate":473},"minecraft:custom":{"minecraft:mob_kills":12,"minecraft:interact_with_crafting_table":29,"minecraft:leave_game":6,"minecraft:time_since_death":31883,"minecraft:climb_one_cm":80396,"minecraft:sprint_one_cm":223889,"minecraft:walk_one_cm":231715,"minecraft:drop":27,"minecraft:talked_to_villager":48,"minecraft:play_time":162132,"minecraft:deaths":8,"minecraft:sneak_time":6718,"minecraft:walk_under_water_one_cm":5018,"minecraft:boat_one_cm":450925,"minecraft:jump":2173,"minecraft:interact_with_brewingstand":1,"minecraft:walk_on_water_one_cm":27041,"minecraft:total_world_time":162132,"minecraft:interact_with_furnace":45,"minecraft:sleep_in_bed":3,"minecraft:time_since_rest":31903,"minecraft:damage_taken":2494,"minecraft:damage_dealt":2980,"minecraft:swim_one_cm":14742,"minecraft:player_kills":1,"minecraft:fly_one_cm":326989,"minecraft:open_chest":3,"minecraft:crouch_one_cm":6396,"minecraft:fall_one_cm":54505},"minecraft:dropped":{"minecraft:wheat_seeds":1,"minecraft:cobblestone":147,"minecraft:granite":30,"minecraft:fletching_table":1,"minecraft:dirt":1,"minecraft:mutton":2,"minecraft:cactus":2,"minecraft:cobbled_deepslate":31,"minecraft:cocoa_beans":7,"minecraft:stone_shovel":1,"minecraft:flint_and_steel":1,"minecraft:arrow":2,"minecraft:stone_pickaxe":1,"minecraft:terracotta":4}},"DataVersion":3465}