{"stats":{"minecraft:custom":{"minecraft:interact_with_furnace":19,"minecraft:mob_kills":46,"minecraft:interact_with_crafting_table":23,"minecraft:leave_game":3,"minecraft:time_since_death":48541,"minecraft:sleep_in_bed":3,"minecraft:climb_one_cm":3644,"minecraft:time_since_rest":47976,"minecraft:sprint_one_cm":178066,"minecraft:damage_taken":1922,"minecraft:walk_one_cm":184622,"minecraft:damage_blocked_by_shield":453,"minecraft:drop":40,"minecraft:damage_dealt":4869,"minecraft:swim_one_cm":6477,"minecraft:fly_one_cm":263053,"minecraft:player_kills":1,"minecraft:open_chest":9,"minecraft:crouch_one_cm":22190,"minecraft:play_time":80767,"minecraft:deaths":5,"minecraft:sneak_time":11340,"minecraft:walk_under_water_one_cm":6084,"minecraft:jump":1716,"minecraft:walk_on_water_one_cm":9581,"minecraft:total_world_time":80767,"minecraft:fall_one_cm":47966},"minecraft:killed_by":{"minecraft:player":1,"minecraft:skeleton":1,"minecraft:zombie":2},"minecraft:mined":{"minecraft:diamond_ore":3,"minecraft:white_bed":2,"minecraft:deepslate_diamond_ore":40,"minecraft:granite":6,"minecraft:grass_block":7,"minecraft:cobblestone":5,"minecraft:spawner":1,"minecraft:furnace":2,"minecraft:birch_log":16,"minecraft:iron_ore":4,"minecraft:andesite":20,"minecraft:birch_leaves":3,"minecraft:grass":8,"minecraft:oak_log":4,"minecraft:coal_ore":27,"minecraft:dirt":10,"minecraft:stone":124,"minecraft:fern":6,"minecraft:oak_leaves":2,"minecraft:deepslate":95},"minecraft:dropped":{"minecraft:iron_ingot":16,"minecraft:birch_planks":41,"minecraft:wheat_seeds":3,"minecraft:glow_ink_sac":8,"minecraft:stone_sword":1,"minecraft:cobbled_deepslate":10,"minecraft:diamond_hoe":1,"minecraft:raw_iron":16,"minecraft:rotten_flesh":1,"minecraft:leather":3,"minecraft:granite":17,"minecraft:cooked_mutton":11,"minecraft:white_bed":1,"minecraft:coal":9,"minecraft:stick":2,"minecraft:dirt":8,"minecraft:shield":2,"minecraft:torch":14,"minecraft:diamond_pickaxe":1,"minecraft:quartz_block":5,"minecraft:melon_slice":3,"minecraft:diamond_helmet":1,"minecraft:arrow":5,"minecraft:wooden_pickaxe":1,"minecraft:stone_pickaxe":2,"minecraft:bone":2},"minecraft:broken":{"minecraft:iron_pickaxe":1,"minecraft:wooden_axe":1},"minecraft:crafted":{"minecraft:oak_planks":8,"minecraft:diamond_sword":1,"minecraft:cooked_porkchop":4,"minecraft:crafting_table":1,"minecraft:wooden_pickaxe":1,"minecraft:furnace":3,"minecraft:birch_planks":64,"minecraft:cooked_mutton":13,"minecraft:air":0,"minecraft:diamond_pickaxe":2,"minecraft:diamond_helmet":2,"minecraft:diamond_leggings":1,"minecraft:iron_chestplate":1,"minecraft:shield":2,"minecraft:iron_axe":1,"minecraft:stick":20,"minecraft:iron_ingot":32,"minecraft:iron_pickaxe":1,"minecraft:stone_pickaxe":2,"minecraft:wooden_axe":1,"minecraft:chest":1,"minecraft:diamond_boots":1,"minecraft:white_bed":2},"minecraft:killed":{"minecraft:pig":4,"minecraft:spider":3,"minecraft:sheep":11,"minecraft:skeleton":6,"minecraft:zombie":6,"minecraft:chicken":11,"minecraft:cow":4},"minecraft:picked_up":{"minecraft:wooden_axe":2,"minecraft:birch_log":16,"minecraft:feather":13,"minecraft:chicken":11,"minecraft:glow_ink_sac":8,"minecraft:andesite":20,"minecraft:leather":7,"minecraft:wooden_pickaxe":2,"minecraft:birch_planks":115,"minecraft:oak_log":2,"minecraft:shield":1,"minecraft:string":2,"minecraft:dirt":31,"minecraft:cooked_mutton":7,"minecraft:bone":7,"minecraft:wheat_seeds":5,"minecraft:cobbled_deepslate":107,"minecraft:beef":7,"minecraft:stone_pickaxe":2,"minecraft:melon_slice":3,"minecraft:oak_planks":50,"minecraft:diamond_hoe":1,"minecraft:stick":64,"minecraft:raw_iron":48,"minecraft:torch":14,"minecraft:porkchop":18,"minecraft:white_bed":2,"minecraft:spider_eye":1,"minecraft:quartz_block":5,"minecraft:stone_sword":1,"minecraft:arrow":11,"minecraft:rotten_flesh":2,"minecraft:diamond":43,"minecraft:granite":19,"minecraft:black_wool":1,"minecraft:mutton":35,"minecraft:coal":65,"minecraft:white_wool":11,"minecraft:cobblestone":218},"minecraft:used":{"minecraft:cooked_mutton":7,"minecraft:stone_pickaxe":65,"minecraft:chest":1,"minecraft:wooden_pickaxe":13,"minecraft:shield":16,"minecraft:mutton":1,"minecraft:crafting_table":1,"minecraft:white_bed":3,"minecraft:wooden_axe":40,"minecraft:bread":1,"minecraft:iron_axe":19,"minecraft:iron_pickaxe":250,"minecraft:diamond_sword":53,"minecraft:cobblestone":43,"minecraft:cooked_porkchop":2,"minecraft:furnace":3,"minecraft:porkchop":9,"minecraft:diamond_leggings":1}},"DataVersion":3465}