{"stats":{"minecraft:custom":{"minecraft:interact_with_furnace":13,"minecraft:mob_kills":14,"minecraft:interact_with_crafting_table":15,"minecraft:leave_game":3,"minecraft:time_since_death":12541,"minecraft:sleep_in_bed":3,"minecraft:climb_one_cm":2850,"minecraft:time_since_rest":11976,"minecraft:sprint_one_cm":122623,"minecraft:damage_taken":1535,"minecraft:walk_one_cm":78854,"minecraft:damage_blocked_by_shield":233,"minecraft:drop":32,"minecraft:damage_dealt":1842,"minecraft:swim_one_cm":4153,"minecraft:fly_one_cm":199021,"minecraft:player_kills":1,"minecraft:crouch_one_cm":6549,"minecraft:play_time":44767,"minecraft:deaths":5,"minecraft:sneak_time":2808,"minecraft:walk_under_water_one_cm":2562,"minecraft:jump":1138,"minecraft:walk_on_water_one_cm":3812,"minecraft:total_world_time":44767,"minecraft:fall_one_cm":36053},"minecraft:killed_by":{"minecraft:player":1,"minecraft:skeleton":1,"minecraft:zombie":2},"minecraft:mined":{"minecraft:white_bed":2,"minecraft:grass_block":4,"minecraft:birch_log":16,"minecraft:birch_leaves":3,"minecraft:grass":1,"minecraft:oak_log":4,"minecraft:coal_ore":24,"minecraft:dirt":4,"minecraft:stone":50,"minecraft:oak_leaves":2,"minecraft:deepslate":1},"minecraft:dropped":{"minecraft:birch_planks":41,"minecraft:wheat_seeds":3,"minecraft:glow_ink_sac":5,"minecraft:stone_sword":1,"minecraft:cobbled_deepslate":10,"minecraft:raw_iron":12,"minecraft:rotten_flesh":1,"minecraft:leather":3,"minecraft:granite":17,"minecraft:cooked_mutton":9,"minecraft:white_bed":1,"minecraft:coal":9,"minecraft:stick":2,"minecraft:dirt":8,"minecraft:shield":2,"minecraft:torch":14,"minecraft:quartz_block":5,"minecraft:melon_slice":3,"minecraft:arrow":5,"minecraft:wooden_pickaxe":1,"minecraft:stone_pickaxe":2,"minecraft:bone":2},"minecraft:broken":{"minecraft:wooden_axe":1},"minecraft:crafted":{"minecraft:oak_planks":8,"minecraft:crafting_table":1,"minecraft:wooden_pickaxe":1,"minecraft:furnace":3,"minecraft:birch_planks":64,"minecraft:cooked_mutton":13,"minecraft:air":0,"minecraft:iron_chestplate":1,"minecraft:shield":2,"minecraft:iron_axe":1,"minecraft:stick":16,"minecraft:iron_ingot":16,"minecraft:iron_pickaxe":1,"minecraft:stone_pickaxe":2,"minecraft:wooden_axe":1,"minecraft:white_bed":2},"minecraft:killed":{"minecraft:sheep":7,"minecraft:skeleton":4,"minecraft:zombie":3},"minecraft:picked_up":{"minecraft:wooden_axe":2,"minecraft:birch_log":16,"minecraft:glow_ink_sac":5,"minecraft:leather":3,"minecraft:wooden_pickaxe":2,"minecraft:birch_planks":115,"minecraft:oak_log":2,"minecraft:shield":1,"minecraft:dirt":22,"minecraft:cooked_mutton":7,"minecraft:bone":5,"minecraft:wheat_seeds":3,"minecraft:cobbled_deepslate":21,"minecraft:stone_pickaxe":2,"minecraft:melon_slice":3,"minecraft:oak_planks":50,"minecraft:raw_iron":44,"minecraft:torch":14,"minecraft:porkchop":10,"minecraft:white_bed":2,"minecraft:quartz_block":5,"minecraft:stone_sword":1,"minecraft:arrow":9,"minecraft:rotten_flesh":1,"minecraft:granite":17,"minecraft:mutton":28,"minecraft:coal":62,"minecraft:white_wool":8,"minecraft:cobblestone":141},"minecraft:used":{"minecraft:cooked_mutton":4,"minecraft:stone_pickaxe":62,"minecraft:wooden_pickaxe":13,"minecraft:shield":8,"minecraft:mutton":1,"minecraft:crafting_table":1,"minecraft:white_bed":3,"minecraft:wooden_axe":40,"minecraft:iron_axe":9,"minecraft:furnace":3,"minecraft:porkchop":7}},"DataVersion":3465}