{"stats":{"minecraft:killed_by":{"minecraft:player":1,"minecraft:skeleton":1,"minecraft:zombie":2},"minecraft:broken":{"minecraft:iron_pickaxe":1,"minecraft:wooden_axe":1},"minecraft:crafted":{"minecraft:oak_door":3,"minecraft:oak_planks":8,"minecraft:cooked_chicken":11,"minecraft:furnace":3,"minecraft:cooked_mutton":20,"minecraft:diamond_helmet":2,"minecraft:diamond_leggings":1,"minecraft:iron_axe":1,"minecraft:stone_pickaxe":2,"minecraft:chest":3,"minecraft:diamond_boots":2,"minecraft:smoker":1,"minecraft:cooked_beef":9,"minecraft:diamond_sword":2,"minecraft:cooked_porkchop":11,"minecraft:crafting_table":2,"minecraft:wooden_pickaxe":1,"minecraft:birch_planks":64,"minecraft:air":0,"minecraft:iron_chestplate":1,"minecraft:diamond_pickaxe":2,"minecraft:shield":2,"minecraft:stick":20,"minecraft:iron_ingot":42,"minecraft:iron_pickaxe":1,"minecraft:wooden_axe":1,"minecraft:white_bed":2,"minecraft:torch":8,"minecraft:diamond_chestplate":2},"minecraft:killed":{"minecraft:spider":4,"minecraft:skeleton":9,"minecraft:chicken":11,"minecraft:wolf":1,"minecraft:pig":7,"minecraft:creeper":2,"minecraft:sheep":13,"minecraft:trader_llama":1,"minecraft:zombie":19,"minecraft:cow":6},"minecraft:picked_up":{"minecraft:wooden_axe":2,"minecraft:iron_chestplate":2,"minecraft:chicken":11,"minecraft:wooden_pickaxe":5,"minecraft:shield":1,"minecraft:string":6,"minecraft:iron_leggings":2,"minecraft:cobbled_deepslate":194,"minecraft:beef":11,"minecraft:melon_slice":64,"minecraft:diamond_hoe":2,"minecraft:furnace":1,"minecraft:raw_iron":60,"minecraft:stick":68,"minecraft:torch":15,"minecraft:porkchop":30,"minecraft:pointed_dripstone":1,"minecraft:diorite":2,"minecraft:quartz_block":5,"minecraft:stone_sword":4,"minecraft:arrow":14,"minecraft:rotten_flesh":14,"minecraft:mutton":46,"minecraft:white_wool":16,"minecraft:cobblestone":472,"minecraft:birch_log":16,"minecraft:feather":13,"minecraft:glow_ink_sac":12,"minecraft:andesite":66,"minecraft:leather":16,"minecraft:birch_planks":115,"minecraft:flint":1,"minecraft:tuff":11,"minecraft:oak_log":80,"minecraft:gunpowder":16,"minecraft:dirt":55,"minecraft:cooked_mutton":7,"minecraft:bone":15,"minecraft:wheat_seeds":40,"minecraft:stone_pickaxe":2,"minecraft:oak_planks":50,"minecraft:gravel":19,"minecraft:amethyst_shard":28,"minecraft:white_bed":5,"minecraft:spider_eye":3,"minecraft:diamond":61,"minecraft:iron_helmet":2,"minecraft:granite":19,"minecraft:emerald":13,"minecraft:oak_sapling":1,"minecraft:black_wool":1,"minecraft:coal":74},"minecraft:used":{"minecraft:diamond_hoe":6,"minecraft:chest":3,"minecraft:shield":42,"minecraft:dirt":38,"minecraft:mutton":3,"minecraft:tuff":11,"minecraft:wooden_axe":40,"minecraft:iron_axe":116,"minecraft:furnace":3,"minecraft:cooked_beef":7,"minecraft:cobbled_deepslate":171,"minecraft:cooked_mutton":11,"minecraft:stone_pickaxe":77,"minecraft:wooden_pickaxe":13,"minecraft:crafting_table":2,"minecraft:white_bed":6,"minecraft:smoker":1,"minecraft:diamond_pickaxe":393,"minecraft:melon_slice":14,"minecraft:bread":1,"minecraft:iron_pickaxe":250,"minecraft:diamond_sword":138,"minecraft:cobblestone":144,"minecraft:porkchop":9,"minecraft:cooked_porkchop":8,"minecraft:andesite":26,"minecraft:diamond_leggings":1},"minecraft:mined":{"minecraft:diamond_ore":3,"minecraft:tuff":11,"minecraft:white_bed":3,"minecraft:deepslate_diamond_ore":58,"minecraft:sculk_vein":2,"minecraft:jungle_leaves":1,"minecraft:granite":6,"minecraft:grass_block":7,"minecraft:spawner":1,"minecraft:furnace":3,"minecraft:iron_ore":16,"minecraft:cobbled_deepslate":12,"minecraft:andesite":21,"minecraft:pointed_dripstone":1,"minecraft:vine":1,"minecraft:stone":369,"minecraft:emerald_ore":8,"minecraft:melon":13,"minecraft:sculk_sensor":2,"minecraft:cobblestone":12,"minecraft:sculk":8,"minecraft:diorite":2,"minecraft:birch_log":16,"minecraft:birch_leaves":3,"minecraft:grass":257,"minecraft:oak_log":82,"minecraft:coal_ore":28,"minecraft:dirt":18,"minecraft:gravel":20,"minecraft:fern":68,"minecraft:oak_leaves":22,"minecraft:deepslate":163},"minecraft:custom":{"minecraft:mob_kills":74,"minecraft:interact_with_crafting_table":41,"minecraft:leave_game":6,"minecraft:time_since_death":154766,"minecraft:climb_one_cm":11309,"minecraft:sprint_one_cm":330484,"minecraft:walk_one_cm":419930,"minecraft:damage_blocked_by_shield":1188,"minecraft:drop":117,"minecraft:play_time":186992,"minecraft:deaths":5,"minecraft:sneak_time":21811,"minecraft:walk_under_water_one_cm":12964,"minecraft:jump":3889,"minecraft:walk_on_water_one_cm":20529,"minecraft:total_world_time":186992,"minecraft:interact_with_furnace":40,"minecraft:sleep_in_bed":6,"minecraft:time_since_rest":24952,"minecraft:damage_taken":3301,"minecraft:damage_dealt":9597,"minecraft:player_kills":1,"minecraft:swim_one_cm":11882,"minecraft:fly_one_cm":495467,"minecraft:open_chest":30,"minecraft:crouch_one_cm":54458,"minecraft:interact_with_smoker":9,"minecraft:fall_one_cm":103928},"minecraft:dropped":{"minecraft:iron_ingot":16,"minecraft:porkchop":2,"minecraft:birch_planks":41,"minecraft:wheat_seeds":3,"minecraft:glow_ink_sac":8,"minecraft:iron_helmet":1,"minecraft:cobblestone":65,"minecraft:leather":3,"minecraft:granite":19,"minecraft:coal":9,"minecraft:golden_apple":1,"minecraft:stick":2,"minecraft:dirt":25,"minecraft:diorite":2,"minecraft:torch":14,"minecraft:melon_slice":26,"minecraft:diamond_helmet":1,"minecraft:iron_leggings":1,"minecraft:amethyst_shard":14,"minecraft:string":4,"minecraft:bone":2,"minecraft:oak_door":3,"minecraft:stone_sword":3,"minecraft:cobbled_deepslate":15,"minecraft:diamond_hoe":1,"minecraft:raw_iron":16,"minecraft:pointed_dripstone":1,"minecraft:rotten_flesh":10,"minecraft:cooked_mutton":14,"minecraft:white_bed":1,"minecraft:diamond_sword":1,"minecraft:shield":2,"minecraft:gunpowder":8,"minecraft:diamond_chestplate":1,"minecraft:iron_chestplate":1,"minecraft:diamond_pickaxe":1,"minecraft:andesite":43,"minecraft:quartz_block":5,"minecraft:oak_sapling":1,"minecraft:spider_eye":1,"minecraft:diamond_boots":1,"minecraft:arrow":5,"minecraft:stone_pickaxe":2,"minecraft:wooden_pickaxe":3}},"DataVersion":3465}