{"stats":{"minecraft:custom":{"minecraft:time_since_rest":0,"minecraft:interact_with_furnace":4,"minecraft:sprint_one_cm":109170,"minecraft:damage_taken":1304,"minecraft:walk_one_cm":58087,"minecraft:mob_kills":10,"minecraft:drop":3,"minecraft:damage_dealt":1028,"minecraft:swim_one_cm":4153,"minecraft:interact_with_crafting_table":7,"minecraft:fly_one_cm":183079,"minecraft:crouch_one_cm":3378,"minecraft:play_time":32767,"minecraft:deaths":5,"minecraft:sneak_time":1835,"minecraft:walk_under_water_one_cm":482,"minecraft:jump":969,"minecraft:leave_game":3,"minecraft:walk_on_water_one_cm":216,"minecraft:time_since_death":541,"minecraft:sleep_in_bed":3,"minecraft:total_world_time":32767,"minecraft:climb_one_cm":2718,"minecraft:fall_one_cm":31800},"minecraft:killed_by":{"minecraft:player":1,"minecraft:skeleton":1,"minecraft:zombie":2},"minecraft:mined":{"minecraft:white_bed":1,"minecraft:birch_log":16,"minecraft:birch_leaves":3,"minecraft:grass":1,"minecraft:coal_ore":24,"minecraft:grass_block":4,"minecraft:oak_log":4,"minecraft:dirt":4,"minecraft:stone":22,"minecraft:oak_leaves":2},"minecraft:dropped":{"minecraft:cooked_mutton":2,"minecraft:white_bed":1},"minecraft:crafted":{"minecraft:oak_planks":8,"minecraft:stick":8,"minecraft:wooden_pickaxe":1,"minecraft:stone_pickaxe":1,"minecraft:wooden_axe":1,"minecraft:furnace":2,"minecraft:white_bed":2,"minecraft:birch_planks":64,"minecraft:air":0,"minecraft:cooked_mutton":3},"minecraft:killed":{"minecraft:sheep":7,"minecraft:zombie":3},"minecraft:picked_up":{"minecraft:wooden_axe":2,"minecraft:birch_log":16,"minecraft:raw_iron":13,"minecraft:wooden_pickaxe":1,"minecraft:birch_planks":115,"minecraft:porkchop":10,"minecraft:oak_log":2,"minecraft:white_bed":1,"minecraft:dirt":14,"minecraft:cooked_mutton":2,"minecraft:arrow":1,"minecraft:mutton":28,"minecraft:oak_planks":2,"minecraft:coal":24,"minecraft:white_wool":8,"minecraft:cobblestone":107},"minecraft:used":{"minecraft:cooked_mutton":1,"minecraft:wooden_axe":37,"minecraft:stone_pickaxe":43,"minecraft:wooden_pickaxe":3,"minecraft:mutton":1,"minecraft:furnace":2,"minecraft:porkchop":7,"minecraft:white_bed":2}},"DataVersion":3465}