{"stats":{"minecraft:custom":{"minecraft:interact_with_furnace":16,"minecraft:mob_kills":27,"minecraft:interact_with_crafting_table":18,"minecraft:leave_game":3,"minecraft:time_since_death":36541,"minecraft:sleep_in_bed":3,"minecraft:climb_one_cm":3150,"minecraft:time_since_rest":35976,"minecraft:sprint_one_cm":157130,"minecraft:damage_taken":1729,"minecraft:walk_one_cm":127470,"minecraft:damage_blocked_by_shield":353,"minecraft:drop":37,"minecraft:damage_dealt":3153,"minecraft:swim_one_cm":6477,"minecraft:fly_one_cm":239885,"minecraft:player_kills":1,"minecraft:crouch_one_cm":21715,"minecraft:play_time":68767,"minecraft:deaths":5,"minecraft:sneak_time":10941,"minecraft:walk_under_water_one_cm":5975,"minecraft:jump":1478,"minecraft:walk_on_water_one_cm":8177,"minecraft:total_world_time":68767,"minecraft:fall_one_cm":41568},"minecraft:killed_by":{"minecraft:player":1,"minecraft:skeleton":1,"minecraft:zombie":2},"minecraft:mined":{"minecraft:diamond_ore":3,"minecraft:white_bed":2,"minecraft:deepslate_diamond_ore":28,"minecraft:granite":6,"minecraft:grass_block":4,"minecraft:cobblestone":1,"minecraft:birch_log":16,"minecraft:iron_ore":4,"minecraft:andesite":20,"minecraft:birch_leaves":3,"minecraft:grass":4,"minecraft:oak_log":4,"minecraft:coal_ore":27,"minecraft:dirt":4,"minecraft:stone":89,"minecraft:fern":3,"minecraft:oak_leaves":2,"minecraft:deepslate":68},"minecraft:dropped":{"minecraft:iron_ingot":16,"minecraft:birch_planks":41,"minecraft:wheat_seeds":3,"minecraft:glow_ink_sac":5,"minecraft:stone_sword":1,"minecraft:cobbled_deepslate":10,"minecraft:diamond_hoe":1,"minecraft:raw_iron":16,"minecraft:rotten_flesh":1,"minecraft:leather":3,"minecraft:granite":17,"minecraft:cooked_mutton":11,"minecraft:white_bed":1,"minecraft:coal":9,"minecraft:stick":2,"minecraft:dirt":8,"minecraft:shield":2,"minecraft:torch":14,"minecraft:quartz_block":5,"minecraft:melon_slice":3,"minecraft:arrow":5,"minecraft:wooden_pickaxe":1,"minecraft:stone_pickaxe":2,"minecraft:bone":2},"minecraft:broken":{"minecraft:wooden_axe":1},"minecraft:crafted":{"minecraft:oak_planks":8,"minecraft:diamond_sword":1,"minecraft:crafting_table":1,"minecraft:wooden_pickaxe":1,"minecraft:furnace":3,"minecraft:birch_planks":64,"minecraft:cooked_mutton":13,"minecraft:air":0,"minecraft:diamond_pickaxe":1,"minecraft:diamond_helmet":1,"minecraft:diamond_leggings":1,"minecraft:iron_chestplate":1,"minecraft:shield":2,"minecraft:iron_axe":1,"minecraft:stick":20,"minecraft:iron_ingot":32,"minecraft:iron_pickaxe":1,"minecraft:stone_pickaxe":2,"minecraft:wooden_axe":1,"minecraft:diamond_boots":1,"minecraft:white_bed":2},"minecraft:killed":{"minecraft:pig":1,"minecraft:sheep":11,"minecraft:skeleton":6,"minecraft:zombie":4,"minecraft:chicken":4},"minecraft:picked_up":{"minecraft:wooden_axe":2,"minecraft:birch_log":16,"minecraft:feather":5,"minecraft:chicken":4,"minecraft:glow_ink_sac":8,"minecraft:andesite":20,"minecraft:leather":3,"minecraft:wooden_pickaxe":2,"minecraft:birch_planks":115,"minecraft:oak_log":2,"minecraft:shield":1,"minecraft:dirt":22,"minecraft:cooked_mutton":7,"minecraft:bone":7,"minecraft:wheat_seeds":4,"minecraft:cobbled_deepslate":80,"minecraft:stone_pickaxe":2,"minecraft:melon_slice":3,"minecraft:oak_planks":50,"minecraft:diamond_hoe":1,"minecraft:raw_iron":48,"minecraft:torch":14,"minecraft:porkchop":12,"minecraft:white_bed":2,"minecraft:quartz_block":5,"minecraft:stone_sword":1,"minecraft:arrow":11,"minecraft:rotten_flesh":2,"minecraft:diamond":31,"minecraft:granite":17,"minecraft:black_wool":1,"minecraft:mutton":35,"minecraft:coal":65,"minecraft:white_wool":11,"minecraft:cobblestone":179},"minecraft:used":{"minecraft:cooked_mutton":7,"minecraft:stone_pickaxe":65,"minecraft:wooden_pickaxe":13,"minecraft:shield":12,"minecraft:mutton":1,"minecraft:crafting_table":1,"minecraft:white_bed":3,"minecraft:wooden_axe":40,"minecraft:iron_axe":18,"minecraft:iron_pickaxe":168,"minecraft:diamond_sword":18,"minecraft:cobblestone":38,"minecraft:furnace":3,"minecraft:porkchop":7,"minecraft:diamond_leggings":1}},"DataVersion":3465}