{"stats":{"minecraft:killed_by":{"minecraft:player":1,"minecraft:skeleton":1,"minecraft:zombie":2},"minecraft:broken":{"minecraft:iron_pickaxe":1,"minecraft:wooden_axe":1},"minecraft:crafted":{"minecraft:oak_door":3,"minecraft:oak_planks":8,"minecraft:cooked_chicken":11,"minecraft:furnace":3,"minecraft:cooked_mutton":20,"minecraft:diamond_helmet":2,"minecraft:diamond_leggings":1,"minecraft:iron_axe":1,"minecraft:stone_pickaxe":2,"minecraft:chest":1,"minecraft:diamond_boots":2,"minecraft:cooked_beef":7,"minecraft:diamond_sword":2,"minecraft:cooked_porkchop":6,"minecraft:crafting_table":1,"minecraft:wooden_pickaxe":1,"minecraft:birch_planks":64,"minecraft:air":0,"minecraft:iron_chestplate":1,"minecraft:diamond_pickaxe":2,"minecraft:shield":2,"minecraft:stick":20,"minecraft:iron_ingot":42,"minecraft:iron_pickaxe":1,"minecraft:wooden_axe":1,"minecraft:white_bed":2,"minecraft:torch":8,"minecraft:diamond_chestplate":2},"minecraft:killed":{"minecraft:spider":4,"minecraft:skeleton":9,"minecraft:chicken":11,"minecraft:wolf":1,"minecraft:pig":7,"minecraft:creeper":1,"minecraft:sheep":13,"minecraft:trader_llama":1,"minecraft:zombie":17,"minecraft:cow":6},"minecraft:picked_up":{"minecraft:wooden_axe":2,"minecraft:chicken":11,"minecraft:wooden_pickaxe":2,"minecraft:shield":1,"minecraft:string":2,"minecraft:cobbled_deepslate":181,"minecraft:beef":9,"minecraft:melon_slice":3,"minecraft:diamond_hoe":1,"minecraft:raw_iron":60,"minecraft:stick":66,"minecraft:torch":14,"minecraft:porkchop":25,"minecraft:pointed_dripstone":1,"minecraft:diorite":2,"minecraft:quartz_block":5,"minecraft:stone_sword":1,"minecraft:arrow":14,"minecraft:rotten_flesh":11,"minecraft:mutton":38,"minecraft:white_wool":13,"minecraft:cobblestone":468,"minecraft:birch_log":16,"minecraft:feather":13,"minecraft:glow_ink_sac":12,"minecraft:andesite":20,"minecraft:leather":9,"minecraft:birch_planks":115,"minecraft:flint":1,"minecraft:tuff":11,"minecraft:oak_log":80,"minecraft:dirt":41,"minecraft:cooked_mutton":7,"minecraft:bone":10,"minecraft:wheat_seeds":15,"minecraft:stone_pickaxe":2,"minecraft:oak_planks":50,"minecraft:gravel":17,"minecraft:white_bed":4,"minecraft:spider_eye":1,"minecraft:diamond":61,"minecraft:granite":19,"minecraft:emerald":13,"minecraft:oak_sapling":1,"minecraft:black_wool":1,"minecraft:coal":69},"minecraft:used":{"minecraft:chest":1,"minecraft:shield":42,"minecraft:dirt":2,"minecraft:mutton":1,"minecraft:tuff":11,"minecraft:wooden_axe":40,"minecraft:iron_axe":100,"minecraft:furnace":3,"minecraft:cooked_beef":7,"minecraft:cobbled_deepslate":102,"minecraft:cooked_mutton":11,"minecraft:stone_pickaxe":74,"minecraft:wooden_pickaxe":13,"minecraft:crafting_table":1,"minecraft:white_bed":4,"minecraft:diamond_pickaxe":374,"minecraft:bread":1,"minecraft:iron_pickaxe":250,"minecraft:diamond_sword":127,"minecraft:cobblestone":139,"minecraft:porkchop":9,"minecraft:cooked_porkchop":6,"minecraft:diamond_leggings":1},"minecraft:mined":{"minecraft:diamond_ore":3,"minecraft:tuff":11,"minecraft:white_bed":3,"minecraft:deepslate_diamond_ore":58,"minecraft:sculk_vein":1,"minecraft:granite":6,"minecraft:grass_block":7,"minecraft:spawner":1,"minecraft:furnace":2,"minecraft:iron_ore":16,"minecraft:cobbled_deepslate":7,"minecraft:andesite":20,"minecraft:pointed_dripstone":1,"minecraft:stone":367,"minecraft:emerald_ore":8,"minecraft:sculk_sensor":2,"minecraft:cobblestone":12,"minecraft:sculk":3,"minecraft:diorite":2,"minecraft:birch_log":16,"minecraft:birch_leaves":3,"minecraft:grass":109,"minecraft:oak_log":82,"minecraft:coal_ore":28,"minecraft:dirt":12,"minecraft:gravel":18,"minecraft:fern":27,"minecraft:oak_leaves":18,"minecraft:deepslate":153},"minecraft:custom":{"minecraft:mob_kills":71,"minecraft:interact_with_crafting_table":34,"minecraft:leave_game":5,"minecraft:time_since_death":117676,"minecraft:climb_one_cm":4537,"minecraft:sprint_one_cm":285853,"minecraft:walk_one_cm":304707,"minecraft:damage_blocked_by_shield":1188,"minecraft:drop":55,"minecraft:play_time":149902,"minecraft:deaths":5,"minecraft:sneak_time":16819,"minecraft:walk_under_water_one_cm":12661,"minecraft:jump":3253,"minecraft:walk_on_water_one_cm":19601,"minecraft:total_world_time":149902,"minecraft:interact_with_furnace":38,"minecraft:sleep_in_bed":4,"minecraft:time_since_rest":9387,"minecraft:damage_taken":3092,"minecraft:damage_dealt":9007,"minecraft:player_kills":1,"minecraft:swim_one_cm":11882,"minecraft:fly_one_cm":433491,"minecraft:open_chest":19,"minecraft:crouch_one_cm":30399,"minecraft:fall_one_cm":88447},"minecraft:dropped":{"minecraft:iron_ingot":16,"minecraft:porkchop":2,"minecraft:birch_planks":41,"minecraft:wheat_seeds":3,"minecraft:glow_ink_sac":8,"minecraft:cobblestone":63,"minecraft:leather":3,"minecraft:granite":19,"minecraft:coal":9,"minecraft:stick":2,"minecraft:dirt":16,"minecraft:diorite":2,"minecraft:torch":14,"minecraft:melon_slice":3,"minecraft:diamond_helmet":1,"minecraft:bone":2,"minecraft:stone_sword":1,"minecraft:cobbled_deepslate":15,"minecraft:diamond_hoe":1,"minecraft:raw_iron":16,"minecraft:pointed_dripstone":1,"minecraft:rotten_flesh":1,"minecraft:cooked_mutton":14,"minecraft:white_bed":1,"minecraft:diamond_sword":1,"minecraft:shield":2,"minecraft:diamond_chestplate":1,"minecraft:diamond_pickaxe":1,"minecraft:quartz_block":5,"minecraft:diamond_boots":1,"minecraft:arrow":5,"minecraft:stone_pickaxe":2,"minecraft:wooden_pickaxe":1}},"DataVersion":3465}