{"stats":{"minecraft:killed_by":{"minecraft:player":1,"minecraft:skeleton":1,"minecraft:zombie":2},"minecraft:killed":{"minecraft:pig":5,"minecraft:spider":3,"minecraft:creeper":1,"minecraft:skeleton":8,"minecraft:sheep":11,"minecraft:zombie":14,"minecraft:chicken":11,"minecraft:cow":4},"minecraft:picked_up":{"minecraft:wooden_axe":2,"minecraft:birch_log":16,"minecraft:feather":13,"minecraft:chicken":11,"minecraft:glow_ink_sac":12,"minecraft:andesite":20,"minecraft:leather":7,"minecraft:wooden_pickaxe":2,"minecraft:flint":1,"minecraft:birch_planks":115,"minecraft:tuff":11,"minecraft:oak_log":2,"minecraft:shield":1,"minecraft:string":2,"minecraft:dirt":41,"minecraft:cooked_mutton":7,"minecraft:bone":9,"minecraft:wheat_seeds":5,"minecraft:cobbled_deepslate":174,"minecraft:beef":7,"minecraft:stone_pickaxe":2,"minecraft:melon_slice":3,"minecraft:oak_planks":50,"minecraft:diamond_hoe":1,"minecraft:stick":64,"minecraft:raw_iron":58,"minecraft:gravel":12,"minecraft:torch":14,"minecraft:porkchop":20,"minecraft:pointed_dripstone":1,"minecraft:diorite":2,"minecraft:white_bed":3,"minecraft:spider_eye":1,"minecraft:quartz_block":5,"minecraft:stone_sword":1,"minecraft:arrow":12,"minecraft:rotten_flesh":9,"minecraft:diamond":61,"minecraft:granite":19,"minecraft:black_wool":1,"minecraft:mutton":35,"minecraft:coal":65,"minecraft:white_wool":11,"minecraft:cobblestone":383},"minecraft:mined":{"minecraft:diamond_ore":3,"minecraft:tuff":11,"minecraft:white_bed":3,"minecraft:deepslate_diamond_ore":58,"minecraft:sculk_vein":1,"minecraft:granite":6,"minecraft:grass_block":7,"minecraft:sculk_sensor":2,"minecraft:cobblestone":12,"minecraft:sculk":3,"minecraft:diorite":2,"minecraft:spawner":1,"minecraft:cobbled_deepslate":2,"minecraft:furnace":2,"minecraft:birch_log":16,"minecraft:iron_ore":14,"minecraft:andesite":20,"minecraft:birch_leaves":3,"minecraft:pointed_dripstone":1,"minecraft:grass":9,"minecraft:oak_log":4,"minecraft:coal_ore":27,"minecraft:gravel":13,"minecraft:dirt":12,"minecraft:stone":282,"minecraft:oak_leaves":9,"minecraft:deepslate":153,"minecraft:fern":7},"minecraft:used":{"minecraft:cooked_mutton":11,"minecraft:stone_pickaxe":74,"minecraft:chest":1,"minecraft:shield":27,"minecraft:wooden_pickaxe":13,"minecraft:dirt":2,"minecraft:mutton":1,"minecraft:crafting_table":1,"minecraft:white_bed":3,"minecraft:tuff":11,"minecraft:wooden_axe":40,"minecraft:diamond_pickaxe":268,"minecraft:iron_axe":19,"minecraft:bread":1,"minecraft:iron_pickaxe":250,"minecraft:diamond_sword":93,"minecraft:cobblestone":90,"minecraft:furnace":3,"minecraft:cooked_porkchop":6,"minecraft:porkchop":9,"minecraft:cooked_beef":3,"minecraft:cobbled_deepslate":71,"minecraft:diamond_leggings":1},"minecraft:dropped":{"minecraft:iron_ingot":16,"minecraft:birch_planks":41,"minecraft:wheat_seeds":3,"minecraft:glow_ink_sac":8,"minecraft:stone_sword":1,"minecraft:cobbled_deepslate":10,"minecraft:diamond_hoe":1,"minecraft:pointed_dripstone":1,"minecraft:raw_iron":16,"minecraft:rotten_flesh":1,"minecraft:leather":3,"minecraft:granite":17,"minecraft:cooked_mutton":14,"minecraft:white_bed":1,"minecraft:coal":9,"minecraft:stick":2,"minecraft:diamond_sword":1,"minecraft:dirt":16,"minecraft:diamond_chestplate":1,"minecraft:shield":2,"minecraft:torch":14,"minecraft:diamond_pickaxe":1,"minecraft:quartz_block":5,"minecraft:melon_slice":3,"minecraft:diamond_helmet":1,"minecraft:diamond_boots":1,"minecraft:arrow":5,"minecraft:wooden_pickaxe":1,"minecraft:stone_pickaxe":2,"minecraft:bone":2},"minecraft:broken":{"minecraft:iron_pickaxe":1,"minecraft:wooden_axe":1},"minecraft:custom":{"minecraft:interact_with_furnace":38,"minecraft:mob_kills":58,"minecraft:interact_with_crafting_table":33,"minecraft:leave_game":4,"minecraft:time_since_death":93779,"minecraft:sleep_in_bed":3,"minecraft:climb_one_cm":4537,"minecraft:time_since_rest":93214,"minecraft:sprint_one_cm":247191,"minecraft:damage_taken":2714,"minecraft:walk_one_cm":244388,"minecraft:damage_blocked_by_shield":763,"minecraft:drop":49,"minecraft:damage_dealt":7193,"minecraft:swim_one_cm":11882,"minecraft:fly_one_cm":376452,"minecraft:player_kills":1,"minecraft:open_chest":19,"minecraft:crouch_one_cm":27483,"minecraft:play_time":126005,"minecraft:deaths":5,"minecraft:sneak_time":14127,"minecraft:walk_under_water_one_cm":12661,"minecraft:jump":2776,"minecraft:walk_on_water_one_cm":19601,"minecraft:total_world_time":126005,"minecraft:fall_one_cm":71143},"minecraft:crafted":{"minecraft:cooked_beef":7,"minecraft:oak_door":3,"minecraft:oak_planks":8,"minecraft:diamond_sword":2,"minecraft:cooked_porkchop":6,"minecraft:crafting_table":1,"minecraft:wooden_pickaxe":1,"minecraft:cooked_chicken":11,"minecraft:furnace":3,"minecraft:birch_planks":64,"minecraft:cooked_mutton":20,"minecraft:air":0,"minecraft:diamond_helmet":2,"minecraft:diamond_leggings":1,"minecraft:iron_chestplate":1,"minecraft:diamond_pickaxe":2,"minecraft:shield":2,"minecraft:iron_axe":1,"minecraft:stick":20,"minecraft:iron_ingot":42,"minecraft:iron_pickaxe":1,"minecraft:stone_pickaxe":2,"minecraft:wooden_axe":1,"minecraft:chest":1,"minecraft:diamond_boots":2,"minecraft:white_bed":2,"minecraft:diamond_chestplate":2}},"DataVersion":3465}