{"stats":{"minecraft:custom":{"minecraft:time_since_rest":1021,"minecraft:sprint_one_cm":64089,"minecraft:damage_taken":1073,"minecraft:walk_one_cm":38787,"minecraft:mob_kills":9,"minecraft:drop":1,"minecraft:damage_dealt":829,"minecraft:swim_one_cm":4153,"minecraft:interact_with_crafting_table":3,"minecraft:fly_one_cm":115667,"minecraft:crouch_one_cm":2314,"minecraft:play_time":20767,"minecraft:deaths":4,"minecraft:sneak_time":1055,"minecraft:walk_under_water_one_cm":482,"minecraft:jump":589,"minecraft:leave_game":3,"minecraft:walk_on_water_one_cm":216,"minecraft:time_since_death":1273,"minecraft:sleep_in_bed":2,"minecraft:total_world_time":20767,"minecraft:climb_one_cm":558,"minecraft:fall_one_cm":17798},"minecraft:killed_by":{"minecraft:skeleton":1,"minecraft:zombie":2},"minecraft:mined":{"minecraft:white_bed":1,"minecraft:birch_log":16,"minecraft:birch_leaves":3,"minecraft:grass":1,"minecraft:grass_block":4,"minecraft:oak_log":4,"minecraft:dirt":4,"minecraft:oak_leaves":2},"minecraft:dropped":{"minecraft:white_bed":1},"minecraft:crafted":{"minecraft:oak_planks":8,"minecraft:stick":4,"minecraft:wooden_axe":1,"minecraft:white_bed":2,"minecraft:birch_planks":64},"minecraft:killed":{"minecraft:sheep":7,"minecraft:zombie":2},"minecraft:picked_up":{"minecraft:wooden_axe":1,"minecraft:birch_log":16,"minecraft:birch_planks":60,"minecraft:porkchop":10,"minecraft:oak_log":2,"minecraft:white_bed":1,"minecraft:dirt":14,"minecraft:mutton":28,"minecraft:oak_planks":1,"minecraft:white_wool":8},"minecraft:used":{"minecraft:wooden_axe":34,"minecraft:porkchop":4,"minecraft:white_bed":1}},"DataVersion":3465}