{"stats":{"minecraft:custom":{"minecraft:jump":187,"minecraft:time_since_rest":2569,"minecraft:walk_on_water_one_cm":216,"minecraft:crouch_one_cm":204,"minecraft:damage_dealt":9,"minecraft:damage_taken":830,"minecraft:play_time":8767,"minecraft:leave_game":3,"minecraft:sprint_one_cm":14889,"minecraft:walk_one_cm":9934,"minecraft:time_since_death":2541,"minecraft:deaths":3,"minecraft:sneak_time":163,"minecraft:total_world_time":8767,"minecraft:walk_under_water_one_cm":482,"minecraft:swim_one_cm":4153,"minecraft:fall_one_cm":6915,"minecraft:fly_one_cm":29817},"minecraft:killed_by":{"minecraft:zombie":1,"minecraft:skeleton":1},"minecraft:mined":{"minecraft:oak_log":2,"minecraft:oak_leaves":1},"minecraft:picked_up":{"minecraft:oak_log":1}},"DataVersion":3465}