{"stats":{"minecraft:killed_by":{"minecraft:zombie":1},"minecraft:broken":{"minecraft:stone_pickaxe":1,"minecraft:iron_pickaxe":3,"minecraft:golden_pickaxe":3},"minecraft:crafted":{"minecraft:oak_planks":44,"minecraft:crafting_table":3,"minecraft:wooden_pickaxe":1,"minecraft:iron_sword":1,"minecraft:furnace":6,"minecraft:golden_pickaxe":3,"minecraft:stone_axe":1,"minecraft:air":0,"minecraft:jungle_planks":60,"minecraft:bow":1,"minecraft:white_wool":6,"minecraft:diamond_pickaxe":1,"minecraft:stick":80,"minecraft:iron_ingot":30,"minecraft:iron_pickaxe":3,"minecraft:stone_pickaxe":1,"minecraft:chest":1,"minecraft:gold_ingot":63,"minecraft:white_bed":2,"minecraft:torch":124,"minecraft:golden_helmet":1,"minecraft:golden_boots":1},"minecraft:killed":{"minecraft:skeleton":2,"minecraft:zombie":1},"minecraft:picked_up":{"minecraft:cocoa_beans":12,"minecraft:crafting_table":4,"minecraft:jungle_log":15,"minecraft:andesite":20,"minecraft:tuff":40,"minecraft:oak_log":11,"minecraft:lapis_lazuli":74,"minecraft:dirt":22,"minecraft:string":35,"minecraft:orange_terracotta":14,"minecraft:bone":4,"minecraft:wheat_seeds":3,"minecraft:cobbled_deepslate":247,"minecraft:raw_gold":76,"minecraft:chest":1,"minecraft:furnace":4,"minecraft:stick":5,"minecraft:raw_iron":100,"minecraft:torch":13,"minecraft:pointed_dripstone":3,"minecraft:diorite":2,"minecraft:redstone":22,"minecraft:red_terracotta":6,"minecraft:arrow":2,"minecraft:light_gray_terracotta":4,"minecraft:rotten_flesh":2,"minecraft:diamond":73,"minecraft:granite":16,"minecraft:yellow_terracotta":15,"minecraft:gold_ingot":5,"minecraft:white_terracotta":3,"minecraft:terracotta":65,"minecraft:coal":348,"minecraft:cobblestone":416,"minecraft:diamond_pickaxe":1},"minecraft:used":{"minecraft:golden_boots":1,"minecraft:stone_pickaxe":131,"minecraft:oak_planks":1,"minecraft:chest":2,"minecraft:wooden_pickaxe":10,"minecraft:white_terracotta":3,"minecraft:iron_sword":57,"minecraft:rotten_flesh":2,"minecraft:torch":66,"minecraft:terracotta":11,"minecraft:crafting_table":7,"minecraft:jungle_planks":2,"minecraft:light_gray_terracotta":4,"minecraft:white_bed":1,"minecraft:diamond_pickaxe":365,"minecraft:bread":5,"minecraft:iron_pickaxe":752,"minecraft:golden_helmet":1,"minecraft:stone_axe":31,"minecraft:cobblestone":30,"minecraft:furnace":10,"minecraft:cooked_beef":3,"minecraft:orange_terracotta":5,"minecraft:golden_pickaxe":96},"minecraft:mined":{"minecraft:yellow_terracotta":15,"minecraft:deepslate_redstone_ore":5,"minecraft:tuff":40,"minecraft:deepslate_diamond_ore":73,"minecraft:jungle_leaves":25,"minecraft:orange_terracotta":14,"minecraft:crafting_table":4,"minecraft:torch":8,"minecraft:light_gray_terracotta":4,"minecraft:granite":16,"minecraft:grass_block":1,"minecraft:chest":1,"minecraft:jungle_log":15,"minecraft:cobblestone":1,"minecraft:deepslate_gold_ore":8,"minecraft:diorite":2,"minecraft:wall_torch":5,"minecraft:white_terracotta":3,"minecraft:red_terracotta":6,"minecraft:furnace":4,"minecraft:iron_ore":63,"minecraft:andesite":20,"minecraft:deepslate_lapis_ore":12,"minecraft:pointed_dripstone":2,"minecraft:deepslate_iron_ore":37,"minecraft:grass":1,"minecraft:coal_ore":228,"minecraft:oak_log":11,"minecraft:cocoa":3,"minecraft:vine":7,"minecraft:dirt":7,"minecraft:cobweb":35,"minecraft:terracotta":65,"minecraft:bamboo":1,"minecraft:stone":415,"minecraft:gold_ore":68,"minecraft:deepslate":248,"minecraft:oak_leaves":1},"minecraft:custom":{"minecraft:interact_with_furnace":58,"minecraft:mob_kills":4,"minecraft:interact_with_crafting_table":26,"minecraft:leave_game":1,"minecraft:time_since_death":60876,"minecraft:climb_one_cm":6125,"minecraft:time_since_rest":60904,"minecraft:damage_taken":1241,"minecraft:sprint_one_cm":103743,"minecraft:walk_one_cm":249928,"minecraft:drop":1,"minecraft:damage_dealt":668,"minecraft:swim_one_cm":8020,"minecraft:fly_one_cm":77515,"minecraft:open_chest":6,"minecraft:crouch_one_cm":2880,"minecraft:play_time":91111,"minecraft:deaths":2,"minecraft:sneak_time":1532,"minecraft:walk_under_water_one_cm":952,"minecraft:jump":1071,"minecraft:walk_on_water_one_cm":7100,"minecraft:total_world_time":91111,"minecraft:fall_one_cm":20830},"minecraft:dropped":{"minecraft:diamond_pickaxe":1}},"DataVersion":3465}