{"stats":{"minecraft:killed_by":{"minecraft:zombie":1},"minecraft:broken":{"minecraft:stone_pickaxe":1,"minecraft:iron_pickaxe":3,"minecraft:golden_pickaxe":3},"minecraft:crafted":{"minecraft:oak_planks":44,"minecraft:diamond_sword":1,"minecraft:crafting_table":4,"minecraft:wooden_pickaxe":1,"minecraft:iron_sword":1,"minecraft:furnace":6,"minecraft:golden_pickaxe":3,"minecraft:stone_axe":1,"minecraft:air":0,"minecraft:jungle_planks":60,"minecraft:diamond_helmet":1,"minecraft:diamond_leggings":1,"minecraft:bow":1,"minecraft:white_wool":6,"minecraft:diamond_pickaxe":1,"minecraft:stick":80,"minecraft:diamond_boots":1,"minecraft:iron_ingot":30,"minecraft:iron_pickaxe":3,"minecraft:stone_pickaxe":1,"minecraft:chest":1,"minecraft:gold_ingot":63,"minecraft:white_bed":2,"minecraft:torch":124,"minecraft:golden_helmet":1,"minecraft:golden_boots":1,"minecraft:diamond_chestplate":1},"minecraft:killed":{"minecraft:skeleton":4,"minecraft:zombie":1},"minecraft:picked_up":{"minecraft:cocoa_beans":12,"minecraft:crafting_table":5,"minecraft:jungle_log":15,"minecraft:andesite":20,"minecraft:tuff":40,"minecraft:oak_log":11,"minecraft:lapis_lazuli":74,"minecraft:dirt":22,"minecraft:string":35,"minecraft:orange_terracotta":14,"minecraft:bone":6,"minecraft:wheat_seeds":3,"minecraft:cobbled_deepslate":275,"minecraft:raw_gold":76,"minecraft:diamond_helmet":1,"minecraft:chest":1,"minecraft:furnace":4,"minecraft:stick":5,"minecraft:raw_iron":100,"minecraft:torch":14,"minecraft:diamond_chestplate":1,"minecraft:pointed_dripstone":3,"minecraft:diorite":2,"minecraft:white_bed":2,"minecraft:redstone":22,"minecraft:red_terracotta":6,"minecraft:arrow":3,"minecraft:light_gray_terracotta":4,"minecraft:rotten_flesh":2,"minecraft:diamond":118,"minecraft:diamond_boots":1,"minecraft:granite":16,"minecraft:yellow_terracotta":15,"minecraft:gold_ingot":5,"minecraft:white_terracotta":3,"minecraft:terracotta":65,"minecraft:coal":348,"minecraft:cobblestone":416,"minecraft:diamond_pickaxe":1},"minecraft:used":{"minecraft:golden_boots":1,"minecraft:diorite":2,"minecraft:diamond_boots":1,"minecraft:stone_pickaxe":131,"minecraft:oak_planks":1,"minecraft:chest":2,"minecraft:wooden_pickaxe":10,"minecraft:white_terracotta":3,"minecraft:iron_sword":65,"minecraft:rotten_flesh":2,"minecraft:torch":74,"minecraft:dirt":6,"minecraft:terracotta":11,"minecraft:crafting_table":8,"minecraft:jungle_planks":2,"minecraft:light_gray_terracotta":4,"minecraft:diamond_helmet":1,"minecraft:white_bed":3,"minecraft:diamond_pickaxe":438,"minecraft:bread":5,"minecraft:iron_pickaxe":752,"minecraft:diamond_chestplate":1,"minecraft:golden_helmet":1,"minecraft:stone_axe":32,"minecraft:cobblestone":38,"minecraft:furnace":10,"minecraft:diamond_leggings":1,"minecraft:cooked_beef":6,"minecraft:cobbled_deepslate":19,"minecraft:orange_terracotta":5,"minecraft:golden_pickaxe":96},"minecraft:mined":{"minecraft:yellow_terracotta":15,"minecraft:deepslate_redstone_ore":5,"minecraft:tuff":40,"minecraft:white_bed":2,"minecraft:deepslate_diamond_ore":118,"minecraft:jungle_leaves":25,"minecraft:orange_terracotta":14,"minecraft:crafting_table":5,"minecraft:torch":9,"minecraft:light_gray_terracotta":4,"minecraft:granite":16,"minecraft:grass_block":1,"minecraft:chest":1,"minecraft:jungle_log":15,"minecraft:cobblestone":1,"minecraft:deepslate_gold_ore":8,"minecraft:diorite":2,"minecraft:wall_torch":5,"minecraft:white_terracotta":3,"minecraft:red_terracotta":6,"minecraft:furnace":4,"minecraft:iron_ore":63,"minecraft:andesite":20,"minecraft:deepslate_lapis_ore":12,"minecraft:pointed_dripstone":2,"minecraft:deepslate_iron_ore":37,"minecraft:grass":1,"minecraft:coal_ore":228,"minecraft:oak_log":11,"minecraft:cocoa":3,"minecraft:vine":7,"minecraft:dirt":7,"minecraft:cobweb":35,"minecraft:terracotta":65,"minecraft:bamboo":1,"minecraft:stone":415,"minecraft:gold_ore":68,"minecraft:deepslate":275,"minecraft:oak_leaves":1},"minecraft:custom":{"minecraft:interact_with_furnace":58,"minecraft:mob_kills":6,"minecraft:interact_with_crafting_table":31,"minecraft:leave_game":1,"minecraft:time_since_death":114876,"minecraft:sleep_in_bed":1,"minecraft:climb_one_cm":6125,"minecraft:time_since_rest":53094,"minecraft:damage_taken":1414,"minecraft:sprint_one_cm":109797,"minecraft:walk_one_cm":284437,"minecraft:drop":8,"minecraft:damage_dealt":1068,"minecraft:swim_one_cm":8020,"minecraft:fly_one_cm":87976,"minecraft:open_chest":6,"minecraft:crouch_one_cm":2880,"minecraft:play_time":145111,"minecraft:deaths":2,"minecraft:sneak_time":1532,"minecraft:walk_under_water_one_cm":952,"minecraft:jump":1268,"minecraft:walk_on_water_one_cm":7100,"minecraft:total_world_time":145111,"minecraft:fall_one_cm":22748},"minecraft:dropped":{"minecraft:golden_boots":1,"minecraft:iron_sword":1,"minecraft:golden_helmet":1,"minecraft:diamond_chestplate":1,"minecraft:diamond_pickaxe":1,"minecraft:diamond_boots":1,"minecraft:diamond_helmet":1,"minecraft:gold_ingot":1}},"DataVersion":3465}