{"stats":{"minecraft:killed_by":{"minecraft:zombie":1},"minecraft:broken":{"minecraft:stone_pickaxe":1},"minecraft:crafted":{"minecraft:oak_planks":44,"minecraft:crafting_table":2,"minecraft:stick":28,"minecraft:iron_ingot":9,"minecraft:wooden_pickaxe":1,"minecraft:iron_pickaxe":1,"minecraft:stone_pickaxe":1,"minecraft:iron_sword":1,"minecraft:furnace":2,"minecraft:torch":80,"minecraft:stone_axe":1},"minecraft:picked_up":{"minecraft:stick":1,"minecraft:crafting_table":1,"minecraft:raw_iron":9,"minecraft:andesite":14,"minecraft:oak_log":11,"minecraft:light_gray_terracotta":1,"minecraft:orange_terracotta":5,"minecraft:raw_gold":26,"minecraft:yellow_terracotta":2,"minecraft:terracotta":21,"minecraft:coal":94,"minecraft:cobblestone":155},"minecraft:used":{"minecraft:stone_pickaxe":131,"minecraft:iron_pickaxe":188,"minecraft:wooden_pickaxe":10,"minecraft:stone_axe":1,"minecraft:torch":14,"minecraft:terracotta":6,"minecraft:crafting_table":3,"minecraft:furnace":2,"minecraft:orange_terracotta":5},"minecraft:mined":{"minecraft:yellow_terracotta":2,"minecraft:iron_ore":9,"minecraft:orange_terracotta":5,"minecraft:andesite":14,"minecraft:crafting_table":1,"minecraft:light_gray_terracotta":1,"minecraft:oak_log":11,"minecraft:coal_ore":96,"minecraft:terracotta":21,"minecraft:stone":155,"minecraft:gold_ore":26,"minecraft:oak_leaves":1},"minecraft:custom":{"minecraft:time_since_rest":17037,"minecraft:interact_with_furnace":5,"minecraft:sprint_one_cm":17236,"minecraft:damage_taken":400,"minecraft:walk_one_cm":40672,"minecraft:swim_one_cm":3057,"minecraft:interact_with_crafting_table":9,"minecraft:fly_one_cm":24746,"minecraft:crouch_one_cm":2258,"minecraft:play_time":19111,"minecraft:deaths":1,"minecraft:sneak_time":1061,"minecraft:walk_under_water_one_cm":147,"minecraft:jump":219,"minecraft:leave_game":1,"minecraft:time_since_death":16958,"minecraft:walk_on_water_one_cm":470,"minecraft:total_world_time":19111,"minecraft:fall_one_cm":5718}},"DataVersion":3465}