{"stats":{"minecraft:killed_by":{"minecraft:zombie":1},"minecraft:broken":{"minecraft:stone_pickaxe":1,"minecraft:iron_pickaxe":3,"minecraft:golden_pickaxe":3},"minecraft:crafted":{"minecraft:oak_planks":44,"minecraft:diamond_sword":1,"minecraft:crafting_table":4,"minecraft:wooden_pickaxe":1,"minecraft:iron_sword":1,"minecraft:furnace":6,"minecraft:golden_pickaxe":3,"minecraft:stone_axe":1,"minecraft:air":0,"minecraft:jungle_planks":60,"minecraft:diamond_helmet":1,"minecraft:diamond_leggings":1,"minecraft:bow":1,"minecraft:white_wool":6,"minecraft:diamond_pickaxe":1,"minecraft:stick":80,"minecraft:diamond_boots":1,"minecraft:iron_ingot":100,"minecraft:iron_pickaxe":3,"minecraft:stone_pickaxe":1,"minecraft:chest":2,"minecraft:gold_ingot":71,"minecraft:white_bed":2,"minecraft:torch":124,"minecraft:golden_helmet":1,"minecraft:golden_boots":1,"minecraft:diamond_chestplate":1},"minecraft:killed":{"minecraft:skeleton":6,"minecraft:zombie":3},"minecraft:picked_up":{"minecraft:cocoa_beans":33,"minecraft:crafting_table":7,"minecraft:cooked_beef":54,"minecraft:jungle_log":15,"minecraft:andesite":30,"minecraft:diamond_sword":1,"minecraft:enchanted_book":1,"minecraft:tuff":40,"minecraft:oak_log":11,"minecraft:lapis_lazuli":148,"minecraft:dirt":22,"minecraft:string":43,"minecraft:name_tag":1,"minecraft:orange_terracotta":14,"minecraft:cooked_mutton":64,"minecraft:bone":16,"minecraft:bow":1,"minecraft:diamond_leggings":1,"minecraft:wheat_seeds":3,"minecraft:cobbled_deepslate":357,"minecraft:raw_gold":76,"minecraft:iron_ingot":3,"minecraft:diamond_helmet":2,"minecraft:chest":1,"minecraft:furnace":4,"minecraft:stick":5,"minecraft:raw_iron":100,"minecraft:cooked_porkchop":64,"minecraft:torch":34,"minecraft:jungle_planks":28,"minecraft:diamond_chestplate":2,"minecraft:pointed_dripstone":3,"minecraft:diorite":2,"minecraft:white_bed":3,"minecraft:redstone":53,"minecraft:red_terracotta":6,"minecraft:arrow":10,"minecraft:light_gray_terracotta":4,"minecraft:rotten_flesh":4,"minecraft:diamond":124,"minecraft:stone_axe":1,"minecraft:diamond_boots":2,"minecraft:glow_berries":4,"minecraft:granite":16,"minecraft:yellow_terracotta":15,"minecraft:gold_ingot":58,"minecraft:white_terracotta":3,"minecraft:terracotta":110,"minecraft:coal":444,"minecraft:cobblestone":449,"minecraft:diamond_pickaxe":2},"minecraft:used":{"minecraft:golden_boots":1,"minecraft:diorite":2,"minecraft:diamond_boots":1,"minecraft:stone_pickaxe":131,"minecraft:oak_planks":1,"minecraft:chest":3,"minecraft:wooden_pickaxe":10,"minecraft:white_terracotta":3,"minecraft:iron_sword":65,"minecraft:rotten_flesh":2,"minecraft:torch":84,"minecraft:dirt":22,"minecraft:terracotta":24,"minecraft:crafting_table":10,"minecraft:jungle_planks":2,"minecraft:light_gray_terracotta":4,"minecraft:diamond_helmet":1,"minecraft:white_bed":3,"minecraft:granite":16,"minecraft:diamond_pickaxe":576,"minecraft:bread":5,"minecraft:iron_pickaxe":752,"minecraft:diamond_sword":23,"minecraft:diamond_chestplate":1,"minecraft:golden_helmet":1,"minecraft:stone_axe":33,"minecraft:cobblestone":38,"minecraft:furnace":10,"minecraft:andesite":25,"minecraft:diamond_leggings":1,"minecraft:cooked_beef":14,"minecraft:cobbled_deepslate":19,"minecraft:orange_terracotta":5,"minecraft:golden_pickaxe":96},"minecraft:mined":{"minecraft:yellow_terracotta":15,"minecraft:deepslate_redstone_ore":5,"minecraft:tuff":40,"minecraft:white_bed":2,"minecraft:deepslate_diamond_ore":124,"minecraft:jungle_leaves":25,"minecraft:orange_terracotta":14,"minecraft:crafting_table":6,"minecraft:torch":10,"minecraft:light_gray_terracotta":4,"minecraft:granite":16,"minecraft:grass_block":1,"minecraft:chest":1,"minecraft:jungle_log":15,"minecraft:cobblestone":1,"minecraft:deepslate_gold_ore":8,"minecraft:oak_planks":1,"minecraft:diorite":3,"minecraft:wall_torch":11,"minecraft:white_terracotta":3,"minecraft:red_terracotta":6,"minecraft:furnace":4,"minecraft:iron_ore":63,"minecraft:andesite":32,"minecraft:deepslate_lapis_ore":12,"minecraft:pointed_dripstone":2,"minecraft:deepslate_iron_ore":37,"minecraft:grass":2,"minecraft:coal_ore":293,"minecraft:oak_log":11,"minecraft:cocoa":10,"minecraft:vine":7,"minecraft:dirt":9,"minecraft:cobweb":36,"minecraft:terracotta":65,"minecraft:bamboo":1,"minecraft:stone":448,"minecraft:gold_ore":68,"minecraft:deepslate":293,"minecraft:oak_leaves":1},"minecraft:custom":{"minecraft:interact_with_furnace":71,"minecraft:mob_kills":10,"minecraft:interact_with_crafting_table":33,"minecraft:leave_game":2,"minecraft:time_since_death":11560,"minecraft:sleep_in_bed":4,"minecraft:climb_one_cm":27689,"minecraft:time_since_rest":4155,"minecraft:damage_taken":2341,"minecraft:sprint_one_cm":141582,"minecraft:walk_one_cm":357247,"minecraft:drop":8,"minecraft:damage_dealt":1869,"minecraft:swim_one_cm":9561,"minecraft:fly_one_cm":127793,"minecraft:open_chest":20,"minecraft:crouch_one_cm":3787,"minecraft:play_time":182016,"minecraft:deaths":3,"minecraft:sneak_time":2219,"minecraft:walk_under_water_one_cm":12914,"minecraft:jump":1957,"minecraft:walk_on_water_one_cm":22013,"minecraft:total_world_time":182016,"minecraft:fall_one_cm":44965},"minecraft:dropped":{"minecraft:golden_boots":1,"minecraft:iron_sword":1,"minecraft:golden_helmet":1,"minecraft:diamond_chestplate":1,"minecraft:diamond_pickaxe":1,"minecraft:diamond_boots":1,"minecraft:diamond_helmet":1,"minecraft:gold_ingot":1}},"DataVersion":3465}