{"stats":{"minecraft:killed_by":{"minecraft:zombie":1},"minecraft:broken":{"minecraft:stone_pickaxe":1,"minecraft:golden_pickaxe":3,"minecraft:iron_pickaxe":1},"minecraft:crafted":{"minecraft:oak_planks":44,"minecraft:crafting_table":2,"minecraft:stick":40,"minecraft:iron_ingot":12,"minecraft:wooden_pickaxe":1,"minecraft:iron_pickaxe":2,"minecraft:stone_pickaxe":1,"minecraft:chest":1,"minecraft:gold_ingot":35,"minecraft:iron_sword":1,"minecraft:furnace":2,"minecraft:golden_pickaxe":3,"minecraft:torch":80,"minecraft:stone_axe":1,"minecraft:air":0},"minecraft:picked_up":{"minecraft:stick":1,"minecraft:crafting_table":2,"minecraft:raw_iron":12,"minecraft:andesite":14,"minecraft:oak_log":11,"minecraft:red_terracotta":6,"minecraft:light_gray_terracotta":4,"minecraft:orange_terracotta":14,"minecraft:raw_gold":46,"minecraft:yellow_terracotta":2,"minecraft:white_terracotta":3,"minecraft:terracotta":47,"minecraft:coal":203,"minecraft:cobblestone":277,"minecraft:furnace":1},"minecraft:used":{"minecraft:stone_pickaxe":131,"minecraft:iron_pickaxe":394,"minecraft:chest":1,"minecraft:wooden_pickaxe":10,"minecraft:stone_axe":2,"minecraft:torch":19,"minecraft:terracotta":6,"minecraft:crafting_table":4,"minecraft:furnace":2,"minecraft:orange_terracotta":5,"minecraft:golden_pickaxe":96},"minecraft:mined":{"minecraft:yellow_terracotta":2,"minecraft:white_terracotta":3,"minecraft:red_terracotta":6,"minecraft:furnace":1,"minecraft:iron_ore":12,"minecraft:orange_terracotta":14,"minecraft:andesite":14,"minecraft:crafting_table":2,"minecraft:light_gray_terracotta":4,"minecraft:oak_log":11,"minecraft:coal_ore":205,"minecraft:terracotta":47,"minecraft:stone":277,"minecraft:gold_ore":46,"minecraft:oak_leaves":1},"minecraft:custom":{"minecraft:time_since_rest":904,"minecraft:interact_with_furnace":10,"minecraft:sprint_one_cm":22054,"minecraft:damage_taken":630,"minecraft:walk_one_cm":65313,"minecraft:swim_one_cm":3057,"minecraft:interact_with_crafting_table":12,"minecraft:fly_one_cm":34658,"minecraft:open_chest":1,"minecraft:crouch_one_cm":2258,"minecraft:play_time":31111,"minecraft:deaths":2,"minecraft:sneak_time":1061,"minecraft:walk_under_water_one_cm":147,"minecraft:jump":390,"minecraft:leave_game":1,"minecraft:time_since_death":876,"minecraft:walk_on_water_one_cm":470,"minecraft:total_world_time":31111,"minecraft:fall_one_cm":9857}},"DataVersion":3465}