{"stats":{"minecraft:killed_by":{"minecraft:zombie":1},"minecraft:broken":{"minecraft:stone_pickaxe":1,"minecraft:iron_pickaxe":2,"minecraft:golden_pickaxe":3},"minecraft:crafted":{"minecraft:oak_planks":44,"minecraft:crafting_table":2,"minecraft:wooden_pickaxe":1,"minecraft:iron_sword":1,"minecraft:furnace":4,"minecraft:golden_pickaxe":3,"minecraft:stone_axe":1,"minecraft:air":0,"minecraft:white_wool":3,"minecraft:stick":48,"minecraft:iron_ingot":30,"minecraft:iron_pickaxe":3,"minecraft:stone_pickaxe":1,"minecraft:chest":1,"minecraft:gold_ingot":63,"minecraft:torch":96,"minecraft:golden_helmet":1,"minecraft:golden_boots":1},"minecraft:killed":{"minecraft:zombie":1},"minecraft:picked_up":{"minecraft:cocoa_beans":3,"minecraft:crafting_table":4,"minecraft:jungle_log":15,"minecraft:andesite":14,"minecraft:oak_log":11,"minecraft:dirt":14,"minecraft:string":35,"minecraft:orange_terracotta":14,"minecraft:wheat_seeds":2,"minecraft:raw_gold":68,"minecraft:chest":1,"minecraft:furnace":4,"minecraft:stick":3,"minecraft:raw_iron":30,"minecraft:torch":9,"minecraft:red_terracotta":6,"minecraft:light_gray_terracotta":4,"minecraft:rotten_flesh":2,"minecraft:yellow_terracotta":15,"minecraft:gold_ingot":5,"minecraft:white_terracotta":3,"minecraft:terracotta":65,"minecraft:coal":348,"minecraft:cobblestone":311},"minecraft:used":{"minecraft:golden_boots":1,"minecraft:stone_pickaxe":131,"minecraft:chest":1,"minecraft:wooden_pickaxe":10,"minecraft:white_terracotta":3,"minecraft:iron_sword":48,"minecraft:torch":38,"minecraft:terracotta":11,"minecraft:crafting_table":5,"minecraft:bread":5,"minecraft:iron_pickaxe":527,"minecraft:golden_helmet":1,"minecraft:stone_axe":27,"minecraft:cobblestone":7,"minecraft:furnace":5,"minecraft:orange_terracotta":5,"minecraft:golden_pickaxe":96},"minecraft:mined":{"minecraft:yellow_terracotta":15,"minecraft:orange_terracotta":14,"minecraft:crafting_table":4,"minecraft:torch":7,"minecraft:light_gray_terracotta":4,"minecraft:chest":1,"minecraft:jungle_log":15,"minecraft:wall_torch":2,"minecraft:white_terracotta":3,"minecraft:red_terracotta":6,"minecraft:furnace":4,"minecraft:iron_ore":30,"minecraft:andesite":14,"minecraft:coal_ore":228,"minecraft:oak_log":11,"minecraft:vine":7,"minecraft:cobweb":35,"minecraft:terracotta":65,"minecraft:bamboo":1,"minecraft:stone":311,"minecraft:gold_ore":68,"minecraft:oak_leaves":1},"minecraft:custom":{"minecraft:interact_with_furnace":51,"minecraft:mob_kills":2,"minecraft:interact_with_crafting_table":16,"minecraft:leave_game":1,"minecraft:time_since_death":24876,"minecraft:climb_one_cm":471,"minecraft:time_since_rest":24904,"minecraft:damage_taken":968,"minecraft:sprint_one_cm":88086,"minecraft:walk_one_cm":165160,"minecraft:damage_dealt":268,"minecraft:swim_one_cm":8020,"minecraft:fly_one_cm":61796,"minecraft:open_chest":2,"minecraft:crouch_one_cm":2358,"minecraft:play_time":55111,"minecraft:deaths":2,"minecraft:sneak_time":1135,"minecraft:walk_under_water_one_cm":857,"minecraft:jump":769,"minecraft:walk_on_water_one_cm":3655,"minecraft:total_world_time":55111,"minecraft:fall_one_cm":17650}},"DataVersion":3465}