{"stats":{"minecraft:killed_by":{"minecraft:zombie":1},"minecraft:broken":{"minecraft:stone_pickaxe":1,"minecraft:iron_pickaxe":2,"minecraft:golden_pickaxe":3},"minecraft:crafted":{"minecraft:oak_planks":44,"minecraft:crafting_table":3,"minecraft:wooden_pickaxe":1,"minecraft:iron_sword":1,"minecraft:furnace":4,"minecraft:golden_pickaxe":3,"minecraft:stone_axe":1,"minecraft:air":0,"minecraft:jungle_planks":60,"minecraft:bow":1,"minecraft:white_wool":6,"minecraft:stick":48,"minecraft:iron_ingot":30,"minecraft:iron_pickaxe":3,"minecraft:stone_pickaxe":1,"minecraft:chest":1,"minecraft:gold_ingot":63,"minecraft:white_bed":2,"minecraft:torch":96,"minecraft:golden_helmet":1,"minecraft:golden_boots":1},"minecraft:killed":{"minecraft:zombie":1},"minecraft:picked_up":{"minecraft:cocoa_beans":12,"minecraft:crafting_table":4,"minecraft:jungle_log":15,"minecraft:andesite":14,"minecraft:oak_log":11,"minecraft:dirt":22,"minecraft:string":35,"minecraft:orange_terracotta":14,"minecraft:wheat_seeds":3,"minecraft:raw_gold":68,"minecraft:chest":1,"minecraft:furnace":4,"minecraft:stick":5,"minecraft:raw_iron":54,"minecraft:torch":10,"minecraft:diorite":2,"minecraft:red_terracotta":6,"minecraft:light_gray_terracotta":4,"minecraft:rotten_flesh":2,"minecraft:granite":6,"minecraft:yellow_terracotta":15,"minecraft:gold_ingot":5,"minecraft:white_terracotta":3,"minecraft:terracotta":65,"minecraft:coal":348,"minecraft:cobblestone":354},"minecraft:used":{"minecraft:golden_boots":1,"minecraft:stone_pickaxe":131,"minecraft:oak_planks":1,"minecraft:chest":2,"minecraft:wooden_pickaxe":10,"minecraft:white_terracotta":3,"minecraft:iron_sword":48,"minecraft:rotten_flesh":2,"minecraft:torch":42,"minecraft:terracotta":11,"minecraft:crafting_table":6,"minecraft:jungle_planks":2,"minecraft:light_gray_terracotta":4,"minecraft:white_bed":1,"minecraft:bread":5,"minecraft:iron_pickaxe":605,"minecraft:golden_helmet":1,"minecraft:stone_axe":31,"minecraft:cobblestone":8,"minecraft:furnace":8,"minecraft:cooked_beef":2,"minecraft:orange_terracotta":5,"minecraft:golden_pickaxe":96},"minecraft:mined":{"minecraft:yellow_terracotta":15,"minecraft:jungle_leaves":25,"minecraft:orange_terracotta":14,"minecraft:crafting_table":4,"minecraft:torch":7,"minecraft:light_gray_terracotta":4,"minecraft:granite":6,"minecraft:grass_block":1,"minecraft:chest":1,"minecraft:jungle_log":15,"minecraft:diorite":2,"minecraft:wall_torch":3,"minecraft:white_terracotta":3,"minecraft:red_terracotta":6,"minecraft:furnace":4,"minecraft:iron_ore":54,"minecraft:andesite":14,"minecraft:grass":1,"minecraft:coal_ore":228,"minecraft:oak_log":11,"minecraft:cocoa":3,"minecraft:vine":7,"minecraft:dirt":7,"minecraft:cobweb":35,"minecraft:terracotta":65,"minecraft:bamboo":1,"minecraft:stone":354,"minecraft:gold_ore":68,"minecraft:oak_leaves":1},"minecraft:custom":{"minecraft:interact_with_furnace":53,"minecraft:mob_kills":2,"minecraft:interact_with_crafting_table":21,"minecraft:leave_game":1,"minecraft:time_since_death":36876,"minecraft:climb_one_cm":6125,"minecraft:time_since_rest":36904,"minecraft:damage_taken":1038,"minecraft:sprint_one_cm":99278,"minecraft:walk_one_cm":180961,"minecraft:damage_dealt":268,"minecraft:swim_one_cm":8020,"minecraft:fly_one_cm":76132,"minecraft:open_chest":6,"minecraft:crouch_one_cm":2614,"minecraft:play_time":67111,"minecraft:deaths":2,"minecraft:sneak_time":1314,"minecraft:walk_under_water_one_cm":952,"minecraft:jump":900,"minecraft:walk_on_water_one_cm":7100,"minecraft:total_world_time":67111,"minecraft:fall_one_cm":19964}},"DataVersion":3465}