{"stats":{"minecraft:dropped":{"minecraft:golden_boots":1,"minecraft:iron_sword":1,"minecraft:golden_helmet":1,"minecraft:diamond_helmet":1,"minecraft:gold_ingot":1,"minecraft:diamond_chestplate":1,"minecraft:diamond_pickaxe":1,"minecraft:chest":1,"minecraft:diamond_boots":1,"minecraft:bow":1},"minecraft:mined":{"minecraft:yellow_terracotta":15,"minecraft:tuff":40,"minecraft:white_bed":2,"minecraft:deepslate_diamond_ore":124,"minecraft:jungle_leaves":25,"minecraft:granite":16,"minecraft:grass_block":1,"minecraft:jungle_log":15,"minecraft:furnace":4,"minecraft:iron_ore":63,"minecraft:andesite":32,"minecraft:deepslate_lapis_ore":12,"minecraft:pointed_dripstone":2,"minecraft:deepslate_iron_ore":37,"minecraft:vine":7,"minecraft:bamboo":13,"minecraft:stone":448,"minecraft:deepslate_redstone_ore":5,"minecraft:orange_terracotta":14,"minecraft:crafting_table":6,"minecraft:torch":10,"minecraft:light_gray_terracotta":4,"minecraft:chest":2,"minecraft:cobblestone":1,"minecraft:deepslate_gold_ore":8,"minecraft:oak_planks":1,"minecraft:diorite":3,"minecraft:wall_torch":11,"minecraft:white_terracotta":3,"minecraft:red_terracotta":6,"minecraft:grass":6,"minecraft:coal_ore":293,"minecraft:oak_log":11,"minecraft:cocoa":10,"minecraft:dirt":9,"minecraft:cobweb":36,"minecraft:terracotta":65,"minecraft:gold_ore":68,"minecraft:oak_leaves":1,"minecraft:deepslate":293},"minecraft:used":{"minecraft:chest":3,"minecraft:white_terracotta":3,"minecraft:iron_sword":65,"minecraft:rotten_flesh":2,"minecraft:torch":84,"minecraft:dirt":22,"minecraft:jungle_planks":2,"minecraft:diamond_helmet":1,"minecraft:granite":16,"minecraft:diamond_chestplate":1,"minecraft:bow":5,"minecraft:furnace":10,"minecraft:cooked_beef":16,"minecraft:cobbled_deepslate":19,"minecraft:orange_terracotta":5,"minecraft:golden_boots":1,"minecraft:diorite":2,"minecraft:diamond_boots":1,"minecraft:stone_pickaxe":131,"minecraft:oak_planks":1,"minecraft:wooden_pickaxe":10,"minecraft:terracotta":24,"minecraft:crafting_table":10,"minecraft:light_gray_terracotta":4,"minecraft:white_bed":3,"minecraft:diamond_pickaxe":576,"minecraft:bread":5,"minecraft:iron_pickaxe":752,"minecraft:golden_helmet":1,"minecraft:stone_axe":33,"minecraft:diamond_sword":40,"minecraft:cobblestone":38,"minecraft:andesite":25,"minecraft:diamond_leggings":1,"minecraft:golden_pickaxe":96},"minecraft:picked_up":{"minecraft:cocoa_beans":66,"minecraft:crafting_table":7,"minecraft:diamond_sword":2,"minecraft:enchanted_book":1,"minecraft:string":43,"minecraft:diamond_leggings":1,"minecraft:cobbled_deepslate":549,"minecraft:chest":2,"minecraft:furnace":4,"minecraft:raw_iron":100,"minecraft:stick":5,"minecraft:torch":34,"minecraft:pointed_dripstone":3,"minecraft:diorite":2,"minecraft:redstone":53,"minecraft:rotten_flesh":4,"minecraft:diamond_chestplate":2,"minecraft:arrow":15,"minecraft:beetroot_seeds":4,"minecraft:diamond_boots":2,"minecraft:yellow_terracotta":15,"minecraft:gold_ingot":87,"minecraft:white_terracotta":3,"minecraft:glow_berries":4,"minecraft:cobblestone":577,"minecraft:cooked_beef":104,"minecraft:jungle_log":15,"minecraft:andesite":30,"minecraft:tuff":40,"minecraft:oak_log":11,"minecraft:lapis_lazuli":212,"minecraft:dirt":22,"minecraft:name_tag":2,"minecraft:orange_terracotta":14,"minecraft:cooked_mutton":128,"minecraft:bone":24,"minecraft:bow":2,"minecraft:wheat_seeds":3,"minecraft:raw_gold":76,"minecraft:iron_ingot":27,"minecraft:diamond_helmet":2,"minecraft:bamboo":79,"minecraft:cooked_porkchop":128,"minecraft:jungle_planks":48,"minecraft:white_bed":4,"minecraft:red_terracotta":6,"minecraft:light_gray_terracotta":4,"minecraft:pumpkin_seeds":2,"minecraft:diamond":187,"minecraft:stone_axe":1,"minecraft:granite":16,"minecraft:golden_apple":16,"minecraft:terracotta":110,"minecraft:melon_seeds":4,"minecraft:coal":572,"minecraft:diamond_pickaxe":3},"minecraft:custom":{"minecraft:mob_kills":11,"minecraft:interact_with_crafting_table":33,"minecraft:leave_game":2,"minecraft:time_since_death":17560,"minecraft:climb_one_cm":32790,"minecraft:sprint_one_cm":147793,"minecraft:walk_one_cm":370118,"minecraft:drop":10,"minecraft:play_time":188016,"minecraft:deaths":3,"minecraft:sneak_time":2229,"minecraft:walk_under_water_one_cm":13034,"minecraft:jump":2120,"minecraft:walk_on_water_one_cm":25985,"minecraft:total_world_time":188016,"minecraft:interact_with_furnace":71,"minecraft:sleep_in_bed":4,"minecraft:time_since_rest":10155,"minecraft:damage_taken":2581,"minecraft:damage_dealt":1890,"minecraft:swim_one_cm":18716,"minecraft:fly_one_cm":138130,"minecraft:open_chest":20,"minecraft:crouch_one_cm":3787,"minecraft:fall_one_cm":49893},"minecraft:broken":{"minecraft:stone_pickaxe":1,"minecraft:iron_pickaxe":3,"minecraft:golden_pickaxe":3},"minecraft:crafted":{"minecraft:oak_planks":44,"minecraft:furnace":6,"minecraft:diamond_helmet":1,"minecraft:diamond_leggings":1,"minecraft:bow":1,"minecraft:stone_pickaxe":1,"minecraft:chest":2,"minecraft:diamond_boots":1,"minecraft:golden_helmet":1,"minecraft:golden_boots":1,"minecraft:diamond_sword":1,"minecraft:crafting_table":4,"minecraft:wooden_pickaxe":1,"minecraft:iron_sword":1,"minecraft:golden_pickaxe":3,"minecraft:stone_axe":1,"minecraft:air":0,"minecraft:jungle_planks":60,"minecraft:white_wool":6,"minecraft:diamond_pickaxe":1,"minecraft:stick":80,"minecraft:iron_ingot":100,"minecraft:iron_pickaxe":3,"minecraft:gold_ingot":71,"minecraft:white_bed":2,"minecraft:torch":124,"minecraft:diamond_chestplate":1},"minecraft:killed":{"minecraft:skeleton":6,"minecraft:drowned":1,"minecraft:zombie":3},"minecraft:killed_by":{"minecraft:zombie":1}},"DataVersion":3465}