{"stats":{"minecraft:killed_by":{"minecraft:zombie":1},"minecraft:broken":{"minecraft:stone_pickaxe":1,"minecraft:golden_pickaxe":3,"minecraft:iron_pickaxe":1},"minecraft:crafted":{"minecraft:oak_planks":44,"minecraft:white_wool":3,"minecraft:crafting_table":2,"minecraft:stick":40,"minecraft:iron_ingot":12,"minecraft:wooden_pickaxe":1,"minecraft:iron_pickaxe":2,"minecraft:stone_pickaxe":1,"minecraft:chest":1,"minecraft:gold_ingot":35,"minecraft:iron_sword":1,"minecraft:furnace":2,"minecraft:golden_pickaxe":3,"minecraft:torch":96,"minecraft:stone_axe":1,"minecraft:air":0},"minecraft:killed":{"minecraft:zombie":1},"minecraft:picked_up":{"minecraft:stick":1,"minecraft:crafting_table":3,"minecraft:raw_iron":25,"minecraft:andesite":14,"minecraft:torch":5,"minecraft:oak_log":11,"minecraft:string":35,"minecraft:red_terracotta":6,"minecraft:light_gray_terracotta":4,"minecraft:orange_terracotta":14,"minecraft:rotten_flesh":2,"minecraft:raw_gold":47,"minecraft:yellow_terracotta":14,"minecraft:white_terracotta":3,"minecraft:terracotta":60,"minecraft:chest":1,"minecraft:coal":203,"minecraft:cobblestone":301,"minecraft:furnace":1},"minecraft:used":{"minecraft:bread":4,"minecraft:stone_pickaxe":131,"minecraft:iron_pickaxe":458,"minecraft:white_terracotta":3,"minecraft:chest":1,"minecraft:wooden_pickaxe":10,"minecraft:iron_sword":45,"minecraft:stone_axe":4,"minecraft:torch":35,"minecraft:cobblestone":4,"minecraft:terracotta":10,"minecraft:crafting_table":4,"minecraft:furnace":2,"minecraft:orange_terracotta":5,"minecraft:golden_pickaxe":96},"minecraft:mined":{"minecraft:yellow_terracotta":14,"minecraft:white_terracotta":3,"minecraft:red_terracotta":6,"minecraft:furnace":1,"minecraft:iron_ore":25,"minecraft:orange_terracotta":14,"minecraft:andesite":14,"minecraft:torch":4,"minecraft:crafting_table":3,"minecraft:light_gray_terracotta":4,"minecraft:oak_log":11,"minecraft:coal_ore":205,"minecraft:chest":1,"minecraft:cobweb":35,"minecraft:terracotta":60,"minecraft:stone":301,"minecraft:wall_torch":1,"minecraft:gold_ore":48,"minecraft:oak_leaves":1},"minecraft:custom":{"minecraft:time_since_rest":12904,"minecraft:interact_with_furnace":10,"minecraft:sprint_one_cm":68094,"minecraft:damage_taken":860,"minecraft:walk_one_cm":128382,"minecraft:mob_kills":2,"minecraft:damage_dealt":268,"minecraft:swim_one_cm":4500,"minecraft:interact_with_crafting_table":12,"minecraft:fly_one_cm":45266,"minecraft:open_chest":2,"minecraft:crouch_one_cm":2281,"minecraft:play_time":43111,"minecraft:deaths":2,"minecraft:sneak_time":1105,"minecraft:walk_under_water_one_cm":571,"minecraft:jump":598,"minecraft:leave_game":1,"minecraft:time_since_death":12876,"minecraft:walk_on_water_one_cm":2402,"minecraft:total_world_time":43111,"minecraft:fall_one_cm":13675}},"DataVersion":3465}