{"stats":{"minecraft:killed_by":{"minecraft:zombie":1},"minecraft:crafted":{"minecraft:oak_planks":44,"minecraft:stone_axe":1,"minecraft:crafting_table":1,"minecraft:stick":8,"minecraft:wooden_pickaxe":1,"minecraft:stone_pickaxe":1},"minecraft:picked_up":{"minecraft:orange_terracotta":1,"minecraft:crafting_table":1,"minecraft:stick":1,"minecraft:oak_log":11,"minecraft:terracotta":3,"minecraft:cobblestone":13},"minecraft:used":{"minecraft:stone_axe":1,"minecraft:terracotta":2,"minecraft:crafting_table":1,"minecraft:stone_pickaxe":7,"minecraft:wooden_pickaxe":10},"minecraft:mined":{"minecraft:oak_log":11,"minecraft:terracotta":3,"minecraft:orange_terracotta":1,"minecraft:stone":13,"minecraft:crafting_table":1,"minecraft:oak_leaves":1},"minecraft:custom":{"minecraft:time_since_rest":5037,"minecraft:crouch_one_cm":78,"minecraft:walk_one_cm":13218,"minecraft:play_time":7111,"minecraft:sprint_one_cm":12403,"minecraft:damage_taken":295,"minecraft:deaths":1,"minecraft:sneak_time":13,"minecraft:walk_under_water_one_cm":147,"minecraft:jump":155,"minecraft:leave_game":1,"minecraft:time_since_death":4958,"minecraft:walk_on_water_one_cm":470,"minecraft:total_world_time":7111,"minecraft:swim_one_cm":3057,"minecraft:interact_with_crafting_table":3,"minecraft:fall_one_cm":4159,"minecraft:fly_one_cm":22347}},"DataVersion":3465}