{"stats":{"minecraft:custom":{"minecraft:time_since_rest":28350,"minecraft:crouch_one_cm":4045,"minecraft:deaths":4,"minecraft:play_time":53919,"minecraft:sprint_one_cm":69368,"minecraft:damage_taken":199,"minecraft:walk_one_cm":144978,"minecraft:sneak_time":2858,"minecraft:mob_kills":3,"minecraft:jump":420,"minecraft:damage_dealt":673,"minecraft:leave_game":1,"minecraft:time_since_death":28320,"minecraft:total_world_time":53919,"minecraft:player_kills":1,"minecraft:fly_one_cm":215587},"minecraft:killed":{"minecraft:chicken":1,"minecraft:creeper":2},"minecraft:picked_up":{"minecraft:chiseled_polished_blackstone":256,"minecraft:quartz_block":256,"minecraft:polished_blackstone_brick_slab":256,"minecraft:stone_sword":4,"minecraft:feather":2,"minecraft:chicken":1,"minecraft:wheat_seeds":15,"minecraft:polished_blackstone_bricks":256,"minecraft:gunpowder":2,"minecraft:polished_blackstone_brick_stairs":4},"minecraft:used":{"minecraft:polished_blackstone_bricks":145,"minecraft:chiseled_polished_blackstone":106,"minecraft:polished_blackstone_brick_slab":340,"minecraft:lava_bucket":5,"minecraft:stone_sword":9,"minecraft:quartz_pillar":57,"minecraft:grass_block":29,"minecraft:dark_oak_fence":2,"minecraft:quartz_block":361,"minecraft:glass_pane":166,"minecraft:polished_blackstone_brick_stairs":131,"minecraft:obsidian":7,"minecraft:nether_brick_fence":22,"minecraft:red_carpet":58}},"DataVersion":3465}