{"stats":{"minecraft:used":{"minecraft:polished_blackstone_bricks":145,"minecraft:chiseled_polished_blackstone":120,"minecraft:polished_blackstone_brick_slab":345,"minecraft:red_carpet":60,"minecraft:stone_sword":9,"minecraft:quartz_pillar":57,"minecraft:grass_block":30,"minecraft:dark_oak_fence":2,"minecraft:quartz_block":397,"minecraft:glass_pane":166,"minecraft:polished_blackstone_brick_stairs":131,"minecraft:wooden_axe":3,"minecraft:oak_log":2,"minecraft:obsidian":7,"minecraft:lava_bucket":5,"minecraft:nether_brick_fence":22},"minecraft:killed":{"minecraft:chicken":1,"minecraft:creeper":2,"minecraft:spider":1},"minecraft:custom":{"minecraft:time_since_rest":86473,"minecraft:damage_taken":199,"minecraft:walk_one_cm":166019,"minecraft:crouch_one_cm":4842,"minecraft:play_time":112042,"minecraft:sprint_one_cm":123794,"minecraft:deaths":4,"minecraft:sneak_time":3145,"minecraft:mob_kills":4,"minecraft:jump":597,"minecraft:damage_dealt":833,"minecraft:leave_game":2,"minecraft:time_since_death":86443,"minecraft:total_world_time":112042,"minecraft:fly_one_cm":296386,"minecraft:player_kills":1},"minecraft:picked_up":{"minecraft:polished_blackstone_brick_slab":256,"minecraft:chiseled_polished_blackstone":256,"minecraft:quartz_block":256,"minecraft:feather":2,"minecraft:stone_sword":4,"minecraft:chicken":1,"minecraft:wheat_seeds":15,"minecraft:polished_blackstone_bricks":256,"minecraft:gunpowder":2,"minecraft:polished_blackstone_brick_stairs":4}},"DataVersion":3465}