{"stats":{"minecraft:picked_up":{"minecraft:birch_sign":4},"minecraft:custom":{"minecraft:jump":67,"minecraft:time_since_rest":35530,"minecraft:crouch_one_cm":1068,"minecraft:leave_game":1,"minecraft:play_time":35530,"minecraft:sprint_one_cm":17881,"minecraft:time_since_death":35530,"minecraft:walk_on_water_one_cm":9139,"minecraft:walk_one_cm":6766,"minecraft:sneak_time":2796,"minecraft:total_world_time":35530,"minecraft:walk_under_water_one_cm":1697,"minecraft:swim_one_cm":719,"minecraft:fall_one_cm":418,"minecraft:fly_one_cm":691229},"minecraft:mined":{"minecraft:birch_wall_sign":4},"minecraft:used":{"minecraft:stone":436,"minecraft:structure_block":29}},"DataVersion":2975}