{"stats":{"minecraft:killed":{"minecraft:chicken":2,"minecraft:spider":1,"minecraft:creeper":2},"minecraft:picked_up":{"minecraft:polished_blackstone_brick_slab":256,"minecraft:chicken":2,"minecraft:feather":2,"minecraft:chiseled_polished_blackstone":256,"minecraft:polished_blackstone_bricks":256,"minecraft:gunpowder":4,"minecraft:polished_blackstone_brick_stairs":4,"minecraft:quartz_block":256,"minecraft:stone_sword":4,"minecraft:red_carpet":64,"minecraft:wheat_seeds":15},"minecraft:used":{"minecraft:oak_log":2,"minecraft:chiseled_polished_blackstone":120,"minecraft:nether_brick_fence":22,"minecraft:wooden_axe":3,"minecraft:polished_blackstone_brick_slab":350,"minecraft:writable_book":3,"minecraft:lava_bucket":5,"minecraft:stone_sword":9,"minecraft:quartz_pillar":57,"minecraft:grass_block":31,"minecraft:quartz_block":398,"minecraft:polished_blackstone_brick_stairs":131,"minecraft:polished_blackstone_bricks":145,"minecraft:red_carpet":60,"minecraft:terracotta":4,"minecraft:written_book":1,"minecraft:dark_oak_fence":2,"minecraft:glass_pane":166,"minecraft:obsidian":7},"minecraft:custom":{"minecraft:time_since_rest":5788,"minecraft:sprint_one_cm":189447,"minecraft:damage_taken":199,"minecraft:walk_one_cm":196877,"minecraft:mob_kills":5,"minecraft:drop":3,"minecraft:damage_dealt":928,"minecraft:fly_one_cm":519828,"minecraft:player_kills":1,"minecraft:open_chest":6,"minecraft:crouch_one_cm":6137,"minecraft:play_time":166121,"minecraft:deaths":5,"minecraft:sneak_time":4468,"minecraft:walk_under_water_one_cm":16701,"minecraft:jump":900,"minecraft:leave_game":5,"minecraft:time_since_death":5742,"minecraft:walk_on_water_one_cm":12519,"minecraft:total_world_time":166121},"minecraft:dropped":{"minecraft:gunpowder":2,"minecraft:chicken":1,"minecraft:red_carpet":64}},"DataVersion":3465}