{"stats":{"minecraft:dropped":{"minecraft:wheat_seeds":2,"minecraft:chicken":1,"minecraft:red_carpet":64,"minecraft:gunpowder":2,"minecraft:torch":1,"minecraft:spider_eye":1,"minecraft:birch_boat":1,"minecraft:string":4},"minecraft:mined":{"minecraft:tuff":9,"minecraft:crafting_table":3,"minecraft:torch":3,"minecraft:emerald_ore":1,"minecraft:copper_ore":2,"minecraft:cobblestone":7,"minecraft:diorite":3,"minecraft:wall_torch":6,"minecraft:seagrass":3,"minecraft:tall_seagrass":5,"minecraft:furnace":6,"minecraft:iron_ore":54,"minecraft:andesite":19,"minecraft:grass":7,"minecraft:oak_log":17,"minecraft:pointed_dripstone":1,"minecraft:coal_ore":42,"minecraft:deepslate_iron_ore":38,"minecraft:dripstone_block":1,"minecraft:stone":145,"minecraft:oak_leaves":2,"minecraft:deepslate":4},"minecraft:used":{"minecraft:polished_blackstone_brick_slab":350,"minecraft:water_bucket":38,"minecraft:chiseled_polished_blackstone":121,"minecraft:nether_brick_fence":81,"minecraft:stone_sword":9,"minecraft:writable_book":3,"minecraft:stone_pickaxe":124,"minecraft:shield":2,"minecraft:wooden_pickaxe":8,"minecraft:iron_sword":9,"minecraft:cooked_salmon":13,"minecraft:polished_blackstone_bricks":145,"minecraft:torch":14,"minecraft:terracotta":4,"minecraft:crafting_table":5,"minecraft:dark_oak_fence_gate":24,"minecraft:obsidian":7,"minecraft:oak_log":2,"minecraft:wooden_axe":3,"minecraft:lava_bucket":5,"minecraft:quartz_pillar":57,"minecraft:iron_axe":6,"minecraft:grass_block":31,"minecraft:iron_pickaxe":208,"minecraft:quartz_block":399,"minecraft:polished_blackstone_brick_stairs":132,"minecraft:wooden_sword":71,"minecraft:red_carpet":60,"minecraft:cobblestone":37,"minecraft:written_book":1,"minecraft:furnace":6,"minecraft:porkchop":1,"minecraft:dark_oak_fence":2,"minecraft:bucket":39,"minecraft:glass_pane":166,"minecraft:pointed_dripstone":1},"minecraft:picked_up":{"minecraft:crafting_table":4,"minecraft:feather":2,"minecraft:chicken":2,"minecraft:salmon":32,"minecraft:glow_ink_sac":4,"minecraft:andesite":19,"minecraft:wooden_pickaxe":2,"minecraft:tuff":9,"minecraft:oak_log":17,"minecraft:gunpowder":4,"minecraft:string":5,"minecraft:polished_blackstone_brick_stairs":4,"minecraft:raw_copper":8,"minecraft:wooden_sword":2,"minecraft:red_carpet":64,"minecraft:bone":1,"minecraft:bow":1,"minecraft:wheat_seeds":21,"minecraft:cobbled_deepslate":8,"minecraft:stone_pickaxe":2,"minecraft:oak_planks":62,"minecraft:furnace":6,"minecraft:polished_blackstone_brick_slab":256,"minecraft:stick":6,"minecraft:raw_iron":92,"minecraft:chiseled_polished_blackstone":256,"minecraft:torch":11,"minecraft:dripstone_block":1,"minecraft:porkchop":3,"minecraft:polished_blackstone_bricks":256,"minecraft:pointed_dripstone":2,"minecraft:diorite":3,"minecraft:spider_eye":1,"minecraft:quartz_block":256,"minecraft:stone_sword":4,"minecraft:arrow":2,"minecraft:bone_meal":4,"minecraft:emerald":1,"minecraft:oak_sapling":24,"minecraft:coal":119,"minecraft:cobblestone":170},"minecraft:custom":{"minecraft:interact_with_furnace":36,"minecraft:mob_kills":45,"minecraft:interact_with_crafting_table":17,"minecraft:leave_game":7,"minecraft:time_since_death":77289,"minecraft:time_since_rest":77327,"minecraft:sprint_one_cm":440468,"minecraft:damage_taken":1632,"minecraft:walk_one_cm":363611,"minecraft:damage_blocked_by_shield":160,"minecraft:drop":9,"minecraft:damage_dealt":4123,"minecraft:swim_one_cm":127186,"minecraft:fly_one_cm":820392,"minecraft:player_kills":2,"minecraft:open_chest":6,"minecraft:crouch_one_cm":35676,"minecraft:play_time":318780,"minecraft:deaths":8,"minecraft:sneak_time":15456,"minecraft:walk_under_water_one_cm":70845,"minecraft:jump":2548,"minecraft:walk_on_water_one_cm":41031,"minecraft:total_world_time":318780,"minecraft:fall_one_cm":35086},"minecraft:crafted":{"minecraft:wooden_sword":1,"minecraft:oak_planks":68,"minecraft:crafting_table":3,"minecraft:wooden_pickaxe":1,"minecraft:iron_helmet":1,"minecraft:iron_sword":1,"minecraft:furnace":2,"minecraft:cooked_salmon":29,"minecraft:bucket":2,"minecraft:air":0,"minecraft:iron_boots":1,"minecraft:iron_chestplate":1,"minecraft:shield":1,"minecraft:iron_axe":1,"minecraft:stick":12,"minecraft:iron_ingot":84,"minecraft:iron_pickaxe":1,"minecraft:stone_pickaxe":1,"minecraft:iron_leggings":1,"minecraft:torch":4},"minecraft:broken":{"minecraft:stone_pickaxe":1,"minecraft:wooden_sword":1},"minecraft:killed":{"minecraft:pig":2,"minecraft:salmon":29,"minecraft:spider":4,"minecraft:creeper":2,"minecraft:skeleton":2,"minecraft:zombie":3,"minecraft:chicken":2,"minecraft:drowned":1},"minecraft:killed_by":{"minecraft:drowned":2}},"DataVersion":3465}