{"stats":{"minecraft:dropped":{"minecraft:wheat_seeds":2,"minecraft:chicken":1,"minecraft:red_carpet":64,"minecraft:gunpowder":2,"minecraft:torch":1,"minecraft:spider_eye":1,"minecraft:birch_boat":1,"minecraft:string":4},"minecraft:mined":{"minecraft:tuff":9,"minecraft:deepslate_diamond_ore":32,"minecraft:sculk_vein":2,"minecraft:crafting_table":3,"minecraft:torch":3,"minecraft:granite":14,"minecraft:emerald_ore":1,"minecraft:copper_ore":2,"minecraft:cobblestone":9,"minecraft:deepslate_gold_ore":16,"minecraft:diorite":96,"minecraft:wall_torch":8,"minecraft:seagrass":3,"minecraft:tall_seagrass":5,"minecraft:furnace":6,"minecraft:iron_ore":62,"minecraft:andesite":19,"minecraft:grass":7,"minecraft:pointed_dripstone":1,"minecraft:coal_ore":42,"minecraft:oak_log":17,"minecraft:deepslate_iron_ore":38,"minecraft:gravel":9,"minecraft:dripstone_block":1,"minecraft:dirt":2,"minecraft:stone":219,"minecraft:oak_leaves":2,"minecraft:deepslate":57},"minecraft:used":{"minecraft:diorite":30,"minecraft:polished_blackstone_brick_slab":350,"minecraft:water_bucket":38,"minecraft:chiseled_polished_blackstone":121,"minecraft:nether_brick_fence":81,"minecraft:stone_sword":9,"minecraft:writable_book":3,"minecraft:stone_pickaxe":250,"minecraft:shield":20,"minecraft:chest":2,"minecraft:wooden_pickaxe":8,"minecraft:iron_sword":51,"minecraft:cooked_salmon":21,"minecraft:polished_blackstone_bricks":145,"minecraft:torch":27,"minecraft:terracotta":4,"minecraft:crafting_table":6,"minecraft:dark_oak_fence_gate":24,"minecraft:obsidian":7,"minecraft:oak_log":2,"minecraft:wooden_axe":3,"minecraft:lava_bucket":7,"minecraft:quartz_pillar":57,"minecraft:iron_axe":9,"minecraft:grass_block":31,"minecraft:iron_pickaxe":385,"minecraft:quartz_block":399,"minecraft:polished_blackstone_brick_stairs":132,"minecraft:bow":1,"minecraft:wooden_sword":71,"minecraft:red_carpet":60,"minecraft:cobblestone":43,"minecraft:written_book":1,"minecraft:furnace":8,"minecraft:porkchop":1,"minecraft:dark_oak_fence":2,"minecraft:bucket":42,"minecraft:glass_pane":166,"minecraft:pointed_dripstone":1},"minecraft:picked_up":{"minecraft:crafting_table":4,"minecraft:feather":2,"minecraft:chicken":2,"minecraft:andesite":19,"minecraft:glow_ink_sac":4,"minecraft:salmon":32,"minecraft:wooden_pickaxe":2,"minecraft:tuff":9,"minecraft:oak_log":17,"minecraft:gunpowder":6,"minecraft:string":7,"minecraft:polished_blackstone_brick_stairs":4,"minecraft:dirt":2,"minecraft:raw_copper":8,"minecraft:wooden_sword":2,"minecraft:red_carpet":64,"minecraft:bone":2,"minecraft:bow":1,"minecraft:wheat_seeds":21,"minecraft:cobbled_deepslate":62,"minecraft:raw_gold":15,"minecraft:stone_pickaxe":2,"minecraft:oak_planks":62,"minecraft:furnace":6,"minecraft:polished_blackstone_brick_slab":256,"minecraft:stick":6,"minecraft:raw_iron":100,"minecraft:chiseled_polished_blackstone":256,"minecraft:gravel":9,"minecraft:torch":13,"minecraft:dripstone_block":1,"minecraft:porkchop":3,"minecraft:polished_blackstone_bricks":256,"minecraft:pointed_dripstone":2,"minecraft:diorite":96,"minecraft:redstone":1,"minecraft:rotten_flesh":8,"minecraft:spider_eye":1,"minecraft:quartz_block":256,"minecraft:stone_sword":4,"minecraft:arrow":5,"minecraft:diamond":32,"minecraft:granite":14,"minecraft:bone_meal":4,"minecraft:emerald":1,"minecraft:oak_sapling":24,"minecraft:coal":119,"minecraft:cobblestone":246},"minecraft:custom":{"minecraft:interact_with_furnace":56,"minecraft:mob_kills":59,"minecraft:interact_with_crafting_table":29,"minecraft:leave_game":8,"minecraft:time_since_death":125105,"minecraft:time_since_rest":125143,"minecraft:sprint_one_cm":507484,"minecraft:damage_taken":2213,"minecraft:walk_one_cm":458550,"minecraft:damage_blocked_by_shield":840,"minecraft:drop":9,"minecraft:damage_dealt":6823,"minecraft:swim_one_cm":127186,"minecraft:fly_one_cm":893289,"minecraft:player_kills":2,"minecraft:open_chest":19,"minecraft:crouch_one_cm":58069,"minecraft:play_time":366596,"minecraft:deaths":8,"minecraft:sneak_time":22616,"minecraft:walk_under_water_one_cm":70845,"minecraft:jump":3029,"minecraft:walk_on_water_one_cm":41031,"minecraft:total_world_time":366596,"minecraft:fall_one_cm":42628},"minecraft:crafted":{"minecraft:wooden_sword":1,"minecraft:oak_planks":68,"minecraft:diamond_sword":1,"minecraft:diamond_axe":1,"minecraft:crafting_table":3,"minecraft:iron_helmet":1,"minecraft:wooden_pickaxe":1,"minecraft:iron_sword":1,"minecraft:furnace":2,"minecraft:cooked_salmon":29,"minecraft:stone":128,"minecraft:bucket":2,"minecraft:air":0,"minecraft:diamond_pickaxe":1,"minecraft:diamond_helmet":1,"minecraft:diamond_leggings":1,"minecraft:iron_boots":1,"minecraft:iron_chestplate":1,"minecraft:shield":1,"minecraft:iron_axe":1,"minecraft:stick":28,"minecraft:diamond_boots":1,"minecraft:iron_ingot":100,"minecraft:iron_pickaxe":2,"minecraft:stone_pickaxe":2,"minecraft:chest":2,"minecraft:iron_leggings":1,"minecraft:torch":16,"minecraft:diamond_chestplate":1},"minecraft:broken":{"minecraft:stone_pickaxe":1,"minecraft:wooden_sword":1,"minecraft:iron_pickaxe":1},"minecraft:killed":{"minecraft:pig":2,"minecraft:witch":1,"minecraft:salmon":29,"minecraft:spider":6,"minecraft:creeper":2,"minecraft:skeleton":5,"minecraft:zombie":10,"minecraft:chicken":2,"minecraft:drowned":1},"minecraft:killed_by":{"minecraft:drowned":2}},"DataVersion":3465}