{"stats":{"minecraft:crafted":{"minecraft:wooden_sword":1,"minecraft:oak_planks":48,"minecraft:crafting_table":2,"minecraft:stick":8,"minecraft:wooden_pickaxe":1,"minecraft:stone_pickaxe":1},"minecraft:killed":{"minecraft:zombie":1,"minecraft:pig":1,"minecraft:chicken":2,"minecraft:salmon":1,"minecraft:spider":4,"minecraft:creeper":2},"minecraft:picked_up":{"minecraft:crafting_table":1,"minecraft:polished_blackstone_brick_slab":256,"minecraft:chicken":2,"minecraft:feather":2,"minecraft:chiseled_polished_blackstone":256,"minecraft:salmon":1,"minecraft:porkchop":1,"minecraft:polished_blackstone_bricks":256,"minecraft:oak_log":12,"minecraft:gunpowder":4,"minecraft:spider_eye":1,"minecraft:string":5,"minecraft:polished_blackstone_brick_stairs":4,"minecraft:quartz_block":256,"minecraft:stone_sword":4,"minecraft:red_carpet":64,"minecraft:wheat_seeds":15,"minecraft:oak_sapling":8,"minecraft:coal":14,"minecraft:cobblestone":18},"minecraft:used":{"minecraft:oak_log":2,"minecraft:chiseled_polished_blackstone":121,"minecraft:nether_brick_fence":81,"minecraft:wooden_axe":3,"minecraft:polished_blackstone_brick_slab":350,"minecraft:writable_book":3,"minecraft:lava_bucket":5,"minecraft:stone_sword":9,"minecraft:quartz_pillar":57,"minecraft:grass_block":31,"minecraft:stone_pickaxe":25,"minecraft:quartz_block":399,"minecraft:wooden_pickaxe":7,"minecraft:polished_blackstone_brick_stairs":132,"minecraft:polished_blackstone_bricks":145,"minecraft:wooden_sword":10,"minecraft:red_carpet":60,"minecraft:terracotta":4,"minecraft:written_book":1,"minecraft:crafting_table":2,"minecraft:dark_oak_fence":2,"minecraft:glass_pane":166,"minecraft:dark_oak_fence_gate":24,"minecraft:obsidian":7},"minecraft:mined":{"minecraft:crafting_table":1,"minecraft:coal_ore":14,"minecraft:oak_log":12,"minecraft:grass":2,"minecraft:stone":18,"minecraft:oak_leaves":2},"minecraft:custom":{"minecraft:time_since_rest":71788,"minecraft:sprint_one_cm":275044,"minecraft:damage_taken":294,"minecraft:walk_one_cm":255780,"minecraft:mob_kills":11,"minecraft:drop":7,"minecraft:damage_dealt":1768,"minecraft:interact_with_crafting_table":4,"minecraft:swim_one_cm":11102,"minecraft:fly_one_cm":648303,"minecraft:player_kills":1,"minecraft:open_chest":6,"minecraft:crouch_one_cm":11773,"minecraft:play_time":232121,"minecraft:deaths":5,"minecraft:sneak_time":6386,"minecraft:walk_under_water_one_cm":19410,"minecraft:jump":1290,"minecraft:leave_game":5,"minecraft:time_since_death":71742,"minecraft:walk_on_water_one_cm":12827,"minecraft:total_world_time":232121,"minecraft:fall_one_cm":3439},"minecraft:dropped":{"minecraft:gunpowder":2,"minecraft:chicken":1,"minecraft:spider_eye":1,"minecraft:birch_boat":1,"minecraft:string":4,"minecraft:red_carpet":64}},"DataVersion":3465}