{"stats":{"minecraft:picked_up":{"minecraft:birch_sign":4},"minecraft:custom":{"minecraft:jump":17,"minecraft:time_since_rest":5712,"minecraft:crouch_one_cm":372,"minecraft:sprint_one_cm":1882,"minecraft:play_time":5712,"minecraft:walk_on_water_one_cm":1694,"minecraft:time_since_death":5712,"minecraft:walk_one_cm":2036,"minecraft:sneak_time":728,"minecraft:total_world_time":5712,"minecraft:fall_one_cm":418,"minecraft:fly_one_cm":109079},"minecraft:mined":{"minecraft:birch_wall_sign":4},"minecraft:used":{"minecraft:stone":197,"minecraft:structure_block":1}},"DataVersion":2975}