{"stats":{"minecraft:picked_up":{"minecraft:birch_sign":4},"minecraft:custom":{"minecraft:jump":112,"minecraft:time_since_rest":74782,"minecraft:crouch_one_cm":1421,"minecraft:leave_game":2,"minecraft:play_time":74782,"minecraft:sprint_one_cm":19342,"minecraft:time_since_death":74782,"minecraft:walk_on_water_one_cm":23021,"minecraft:walk_one_cm":8640,"minecraft:sneak_time":4119,"minecraft:total_world_time":74782,"minecraft:walk_under_water_one_cm":18014,"minecraft:swim_one_cm":5116,"minecraft:fall_one_cm":418,"minecraft:fly_one_cm":1352745},"minecraft:mined":{"minecraft:birch_wall_sign":4},"minecraft:used":{"minecraft:stone":1080,"minecraft:structure_block":45}},"DataVersion":2975}