{"stats":{"minecraft:custom":{"minecraft:time_since_rest":4431,"minecraft:crouch_one_cm":1338,"minecraft:deaths":4,"minecraft:play_time":30000,"minecraft:sprint_one_cm":41185,"minecraft:damage_taken":199,"minecraft:walk_one_cm":91279,"minecraft:sneak_time":1362,"minecraft:mob_kills":2,"minecraft:jump":205,"minecraft:damage_dealt":270,"minecraft:time_since_death":4401,"minecraft:total_world_time":30000,"minecraft:fly_one_cm":165565},"minecraft:killed":{"minecraft:chicken":1,"minecraft:creeper":1},"minecraft:picked_up":{"minecraft:chiseled_polished_blackstone":256,"minecraft:quartz_block":256,"minecraft:polished_blackstone_brick_slab":256,"minecraft:stone_sword":4,"minecraft:feather":2,"minecraft:chicken":1,"minecraft:wheat_seeds":15,"minecraft:polished_blackstone_bricks":256,"minecraft:polished_blackstone_brick_stairs":4},"minecraft:used":{"minecraft:polished_blackstone_bricks":12,"minecraft:chiseled_polished_blackstone":84,"minecraft:polished_blackstone_brick_slab":195,"minecraft:stone_sword":5,"minecraft:grass_block":20,"minecraft:quartz_block":215,"minecraft:polished_blackstone_brick_stairs":100}},"DataVersion":3465}