{"stats":{"minecraft:custom":{"minecraft:time_since_rest":18000,"minecraft:crouch_one_cm":556,"minecraft:play_time":18000,"minecraft:sprint_one_cm":18630,"minecraft:damage_taken":199,"minecraft:walk_one_cm":67718,"minecraft:sneak_time":884,"minecraft:mob_kills":2,"minecraft:jump":143,"minecraft:damage_dealt":270,"minecraft:time_since_death":18000,"minecraft:total_world_time":18000,"minecraft:fly_one_cm":143847},"minecraft:killed":{"minecraft:chicken":1,"minecraft:creeper":1},"minecraft:picked_up":{"minecraft:feather":2,"minecraft:chicken":1,"minecraft:wheat_seeds":5},"minecraft:used":{"minecraft:polished_blackstone_bricks":1,"minecraft:chiseled_polished_blackstone":74,"minecraft:polished_blackstone_brick_slab":52,"minecraft:stone_sword":5,"minecraft:grass_block":20,"minecraft:quartz_block":184,"minecraft:polished_blackstone_brick_stairs":69}},"DataVersion":3465}