{"stats":{"minecraft:killed_by":{"minecraft:drowned":2},"minecraft:broken":{"minecraft:wooden_sword":1},"minecraft:crafted":{"minecraft:wooden_sword":1,"minecraft:oak_planks":48,"minecraft:crafting_table":2,"minecraft:wooden_pickaxe":1,"minecraft:iron_sword":1,"minecraft:furnace":2,"minecraft:cooked_salmon":29,"minecraft:bucket":2,"minecraft:air":0,"minecraft:shield":1,"minecraft:iron_axe":1,"minecraft:stick":12,"minecraft:iron_pickaxe":1,"minecraft:iron_ingot":29,"minecraft:stone_pickaxe":1,"minecraft:torch":4},"minecraft:killed":{"minecraft:pig":2,"minecraft:salmon":29,"minecraft:spider":4,"minecraft:creeper":2,"minecraft:zombie":3,"minecraft:chicken":2,"minecraft:drowned":1},"minecraft:picked_up":{"minecraft:crafting_table":3,"minecraft:feather":2,"minecraft:andesite":1,"minecraft:chicken":2,"minecraft:salmon":32,"minecraft:wooden_pickaxe":2,"minecraft:oak_log":12,"minecraft:gunpowder":4,"minecraft:polished_blackstone_brick_stairs":4,"minecraft:string":5,"minecraft:wooden_sword":2,"minecraft:red_carpet":64,"minecraft:wheat_seeds":20,"minecraft:stone_pickaxe":2,"minecraft:oak_planks":62,"minecraft:furnace":4,"minecraft:polished_blackstone_brick_slab":256,"minecraft:stick":6,"minecraft:raw_iron":29,"minecraft:chiseled_polished_blackstone":256,"minecraft:torch":1,"minecraft:porkchop":3,"minecraft:polished_blackstone_bricks":256,"minecraft:pointed_dripstone":1,"minecraft:spider_eye":1,"minecraft:quartz_block":256,"minecraft:stone_sword":4,"minecraft:bone_meal":4,"minecraft:oak_sapling":24,"minecraft:coal":93,"minecraft:cobblestone":59},"minecraft:used":{"minecraft:chiseled_polished_blackstone":121,"minecraft:nether_brick_fence":81,"minecraft:polished_blackstone_brick_slab":350,"minecraft:writable_book":3,"minecraft:stone_sword":9,"minecraft:stone_pickaxe":113,"minecraft:wooden_pickaxe":8,"minecraft:cooked_salmon":5,"minecraft:polished_blackstone_bricks":145,"minecraft:torch":2,"minecraft:terracotta":4,"minecraft:crafting_table":4,"minecraft:dark_oak_fence_gate":24,"minecraft:obsidian":7,"minecraft:oak_log":2,"minecraft:wooden_axe":3,"minecraft:lava_bucket":5,"minecraft:quartz_pillar":57,"minecraft:grass_block":31,"minecraft:quartz_block":399,"minecraft:polished_blackstone_brick_stairs":132,"minecraft:red_carpet":60,"minecraft:wooden_sword":71,"minecraft:cobblestone":11,"minecraft:written_book":1,"minecraft:furnace":4,"minecraft:porkchop":1,"minecraft:dark_oak_fence":2,"minecraft:glass_pane":166,"minecraft:pointed_dripstone":1},"minecraft:mined":{"minecraft:crafting_table":2,"minecraft:cobblestone":2,"minecraft:wall_torch":1,"minecraft:seagrass":3,"minecraft:tall_seagrass":5,"minecraft:furnace":4,"minecraft:iron_ore":29,"minecraft:andesite":1,"minecraft:grass":6,"minecraft:pointed_dripstone":1,"minecraft:oak_log":12,"minecraft:coal_ore":39,"minecraft:stone":37,"minecraft:oak_leaves":2},"minecraft:custom":{"minecraft:interact_with_furnace":16,"minecraft:mob_kills":43,"minecraft:interact_with_crafting_table":13,"minecraft:leave_game":5,"minecraft:time_since_death":26630,"minecraft:time_since_rest":26668,"minecraft:sprint_one_cm":370292,"minecraft:damage_taken":1221,"minecraft:walk_one_cm":302222,"minecraft:drop":8,"minecraft:damage_dealt":3634,"minecraft:swim_one_cm":126366,"minecraft:fly_one_cm":722055,"minecraft:player_kills":2,"minecraft:open_chest":6,"minecraft:play_time":268121,"minecraft:crouch_one_cm":18868,"minecraft:deaths":8,"minecraft:sneak_time":9658,"minecraft:walk_under_water_one_cm":40645,"minecraft:jump":1833,"minecraft:walk_on_water_one_cm":27305,"minecraft:total_world_time":268121,"minecraft:fall_one_cm":10017},"minecraft:dropped":{"minecraft:wheat_seeds":2,"minecraft:chicken":1,"minecraft:red_carpet":64,"minecraft:gunpowder":2,"minecraft:spider_eye":1,"minecraft:birch_boat":1,"minecraft:string":4}},"DataVersion":3465}