{"stats":{"minecraft:killed":{"minecraft:chicken":2,"minecraft:spider":3,"minecraft:creeper":2},"minecraft:picked_up":{"minecraft:polished_blackstone_brick_slab":256,"minecraft:chicken":2,"minecraft:feather":2,"minecraft:chiseled_polished_blackstone":256,"minecraft:polished_blackstone_bricks":256,"minecraft:gunpowder":4,"minecraft:spider_eye":1,"minecraft:string":3,"minecraft:polished_blackstone_brick_stairs":4,"minecraft:quartz_block":256,"minecraft:stone_sword":4,"minecraft:red_carpet":64,"minecraft:wheat_seeds":15},"minecraft:used":{"minecraft:oak_log":2,"minecraft:chiseled_polished_blackstone":121,"minecraft:nether_brick_fence":81,"minecraft:wooden_axe":3,"minecraft:polished_blackstone_brick_slab":350,"minecraft:writable_book":3,"minecraft:lava_bucket":5,"minecraft:stone_sword":9,"minecraft:quartz_pillar":57,"minecraft:grass_block":31,"minecraft:quartz_block":399,"minecraft:polished_blackstone_brick_stairs":132,"minecraft:polished_blackstone_bricks":145,"minecraft:red_carpet":60,"minecraft:terracotta":4,"minecraft:written_book":1,"minecraft:dark_oak_fence":2,"minecraft:glass_pane":166,"minecraft:dark_oak_fence_gate":24,"minecraft:obsidian":7},"minecraft:mined":{"minecraft:grass":1},"minecraft:custom":{"minecraft:time_since_rest":59788,"minecraft:sprint_one_cm":255223,"minecraft:damage_taken":209,"minecraft:walk_one_cm":240423,"minecraft:mob_kills":7,"minecraft:drop":6,"minecraft:damage_dealt":1278,"minecraft:fly_one_cm":623916,"minecraft:player_kills":1,"minecraft:open_chest":6,"minecraft:crouch_one_cm":7192,"minecraft:play_time":220121,"minecraft:deaths":5,"minecraft:sneak_time":5155,"minecraft:walk_under_water_one_cm":16701,"minecraft:jump":1133,"minecraft:leave_game":5,"minecraft:time_since_death":59742,"minecraft:walk_on_water_one_cm":12519,"minecraft:total_world_time":220121,"minecraft:fall_one_cm":753},"minecraft:dropped":{"minecraft:gunpowder":2,"minecraft:chicken":1,"minecraft:spider_eye":1,"minecraft:birch_boat":1,"minecraft:string":2,"minecraft:red_carpet":64}},"DataVersion":3465}