{"stats":{"minecraft:picked_up":{"minecraft:birch_sign":4},"minecraft:custom":{"minecraft:jump":42,"minecraft:time_since_rest":23530,"minecraft:crouch_one_cm":844,"minecraft:leave_game":1,"minecraft:play_time":23530,"minecraft:sprint_one_cm":4440,"minecraft:time_since_death":23530,"minecraft:walk_on_water_one_cm":8186,"minecraft:walk_one_cm":4590,"minecraft:sneak_time":2437,"minecraft:total_world_time":23530,"minecraft:walk_under_water_one_cm":1258,"minecraft:swim_one_cm":719,"minecraft:fall_one_cm":418,"minecraft:fly_one_cm":431815},"minecraft:mined":{"minecraft:birch_wall_sign":4},"minecraft:used":{"minecraft:stone":426,"minecraft:structure_block":21}},"DataVersion":2975}