{"stats":{"minecraft:picked_up":{"minecraft:birch_sign":4},"minecraft:custom":{"minecraft:jump":80,"minecraft:time_since_rest":47530,"minecraft:crouch_one_cm":1190,"minecraft:leave_game":1,"minecraft:play_time":47530,"minecraft:sprint_one_cm":18097,"minecraft:time_since_death":47530,"minecraft:walk_on_water_one_cm":23021,"minecraft:walk_one_cm":7041,"minecraft:sneak_time":3324,"minecraft:total_world_time":47530,"minecraft:walk_under_water_one_cm":18014,"minecraft:swim_one_cm":5116,"minecraft:fall_one_cm":418,"minecraft:fly_one_cm":1056018},"minecraft:mined":{"minecraft:birch_wall_sign":4},"minecraft:used":{"minecraft:stone":893,"minecraft:structure_block":37}},"DataVersion":2975}