{"stats":{"minecraft:killed_by":{"minecraft:drowned":2},"minecraft:crafted":{"minecraft:wooden_sword":1,"minecraft:oak_planks":48,"minecraft:crafting_table":2,"minecraft:wooden_pickaxe":1,"minecraft:furnace":2,"minecraft:cooked_salmon":29,"minecraft:air":0,"minecraft:stick":8,"minecraft:stone_pickaxe":1},"minecraft:killed":{"minecraft:pig":1,"minecraft:salmon":29,"minecraft:spider":4,"minecraft:creeper":2,"minecraft:zombie":1,"minecraft:chicken":2,"minecraft:drowned":1},"minecraft:picked_up":{"minecraft:crafting_table":3,"minecraft:feather":2,"minecraft:chicken":2,"minecraft:salmon":32,"minecraft:wooden_pickaxe":2,"minecraft:oak_log":12,"minecraft:gunpowder":4,"minecraft:polished_blackstone_brick_stairs":4,"minecraft:string":5,"minecraft:wooden_sword":2,"minecraft:red_carpet":64,"minecraft:wheat_seeds":19,"minecraft:stone_pickaxe":2,"minecraft:oak_planks":62,"minecraft:furnace":2,"minecraft:polished_blackstone_brick_slab":256,"minecraft:stick":6,"minecraft:chiseled_polished_blackstone":256,"minecraft:porkchop":1,"minecraft:polished_blackstone_bricks":256,"minecraft:spider_eye":1,"minecraft:quartz_block":256,"minecraft:stone_sword":4,"minecraft:bone_meal":4,"minecraft:oak_sapling":24,"minecraft:coal":38,"minecraft:cobblestone":38},"minecraft:used":{"minecraft:chiseled_polished_blackstone":121,"minecraft:nether_brick_fence":81,"minecraft:polished_blackstone_brick_slab":350,"minecraft:writable_book":3,"minecraft:stone_sword":9,"minecraft:stone_pickaxe":32,"minecraft:wooden_pickaxe":8,"minecraft:cooked_salmon":1,"minecraft:polished_blackstone_bricks":145,"minecraft:terracotta":4,"minecraft:crafting_table":3,"minecraft:dark_oak_fence_gate":24,"minecraft:obsidian":7,"minecraft:oak_log":2,"minecraft:wooden_axe":3,"minecraft:lava_bucket":5,"minecraft:quartz_pillar":57,"minecraft:grass_block":31,"minecraft:quartz_block":399,"minecraft:polished_blackstone_brick_stairs":132,"minecraft:red_carpet":60,"minecraft:wooden_sword":55,"minecraft:cobblestone":2,"minecraft:written_book":1,"minecraft:furnace":2,"minecraft:porkchop":1,"minecraft:dark_oak_fence":2,"minecraft:glass_pane":166},"minecraft:mined":{"minecraft:crafting_table":2,"minecraft:seagrass":3,"minecraft:tall_seagrass":5,"minecraft:furnace":2,"minecraft:grass":2,"minecraft:oak_log":12,"minecraft:coal_ore":14,"minecraft:stone":21,"minecraft:oak_leaves":2},"minecraft:custom":{"minecraft:interact_with_furnace":6,"minecraft:mob_kills":40,"minecraft:interact_with_crafting_table":11,"minecraft:leave_game":5,"minecraft:time_since_death":2630,"minecraft:time_since_rest":2668,"minecraft:sprint_one_cm":290499,"minecraft:damage_taken":1041,"minecraft:walk_one_cm":265404,"minecraft:drop":8,"minecraft:damage_dealt":3095,"minecraft:swim_one_cm":110095,"minecraft:fly_one_cm":662374,"minecraft:player_kills":2,"minecraft:open_chest":6,"minecraft:play_time":244121,"minecraft:crouch_one_cm":12323,"minecraft:deaths":8,"minecraft:sneak_time":7186,"minecraft:walk_under_water_one_cm":38214,"minecraft:jump":1379,"minecraft:walk_on_water_one_cm":22995,"minecraft:total_world_time":244121,"minecraft:fall_one_cm":4118},"minecraft:dropped":{"minecraft:wheat_seeds":2,"minecraft:chicken":1,"minecraft:red_carpet":64,"minecraft:gunpowder":2,"minecraft:spider_eye":1,"minecraft:birch_boat":1,"minecraft:string":4}},"DataVersion":3465}