{"stats":{"minecraft:dropped":{"minecraft:wheat_seeds":2,"minecraft:red_carpet":64,"minecraft:torch":1,"minecraft:string":4,"minecraft:chicken":1,"minecraft:gunpowder":2,"minecraft:spider_eye":1,"minecraft:birch_boat":1},"minecraft:mined":{"minecraft:tuff":9,"minecraft:deepslate_diamond_ore":32,"minecraft:sculk_vein":2,"minecraft:granite":14,"minecraft:grass_block":17,"minecraft:tall_seagrass":5,"minecraft:furnace":8,"minecraft:iron_ore":62,"minecraft:andesite":19,"minecraft:pointed_dripstone":1,"minecraft:deepslate_iron_ore":38,"minecraft:stone":219,"minecraft:crafting_table":4,"minecraft:torch":3,"minecraft:emerald_ore":1,"minecraft:cobblestone":9,"minecraft:copper_ore":2,"minecraft:deepslate_gold_ore":16,"minecraft:diorite":98,"minecraft:wall_torch":8,"minecraft:seagrass":3,"minecraft:grass":7,"minecraft:oak_log":27,"minecraft:coal_ore":50,"minecraft:gravel":9,"minecraft:dripstone_block":1,"minecraft:dirt":3,"minecraft:oak_leaves":6,"minecraft:deepslate":57},"minecraft:used":{"minecraft:nether_brick_fence":81,"minecraft:polished_blackstone_brick_slab":350,"minecraft:writable_book":3,"minecraft:stone_sword":9,"minecraft:chest":2,"minecraft:shield":20,"minecraft:iron_sword":51,"minecraft:cooked_salmon":21,"minecraft:torch":27,"minecraft:dirt":2,"minecraft:obsidian":7,"minecraft:wooden_axe":3,"minecraft:lava_bucket":10,"minecraft:quartz_pillar":57,"minecraft:grass_block":31,"minecraft:iron_axe":9,"minecraft:quartz_block":399,"minecraft:polished_blackstone_brick_stairs":132,"minecraft:red_carpet":60,"minecraft:bow":1,"minecraft:written_book":1,"minecraft:furnace":8,"minecraft:pointed_dripstone":1,"minecraft:chiseled_polished_blackstone":121,"minecraft:water_bucket":38,"minecraft:diorite":30,"minecraft:stone_pickaxe":250,"minecraft:wooden_pickaxe":18,"minecraft:diamond_axe":1,"minecraft:polished_blackstone_bricks":145,"minecraft:terracotta":4,"minecraft:crafting_table":7,"minecraft:dark_oak_fence_gate":24,"minecraft:oak_log":2,"minecraft:iron_pickaxe":387,"minecraft:wooden_sword":71,"minecraft:cobblestone":49,"minecraft:porkchop":1,"minecraft:dark_oak_fence":2,"minecraft:bucket":44,"minecraft:glass_pane":166},"minecraft:picked_up":{"minecraft:crafting_table":5,"minecraft:chicken":2,"minecraft:wooden_pickaxe":2,"minecraft:polished_blackstone_brick_stairs":4,"minecraft:string":7,"minecraft:raw_copper":8,"minecraft:wooden_sword":2,"minecraft:cobbled_deepslate":62,"minecraft:furnace":8,"minecraft:raw_iron":100,"minecraft:polished_blackstone_brick_slab":256,"minecraft:stick":6,"minecraft:torch":13,"minecraft:porkchop":3,"minecraft:polished_blackstone_bricks":256,"minecraft:diorite":98,"minecraft:pointed_dripstone":2,"minecraft:redstone":1,"minecraft:quartz_block":256,"minecraft:stone_sword":4,"minecraft:arrow":5,"minecraft:rotten_flesh":8,"minecraft:cobblestone":252,"minecraft:feather":2,"minecraft:glow_ink_sac":4,"minecraft:salmon":32,"minecraft:andesite":19,"minecraft:tuff":9,"minecraft:oak_log":27,"minecraft:gunpowder":6,"minecraft:dirt":19,"minecraft:red_carpet":64,"minecraft:bone":2,"minecraft:bow":1,"minecraft:wheat_seeds":21,"minecraft:raw_gold":15,"minecraft:stone_pickaxe":2,"minecraft:oak_planks":62,"minecraft:chiseled_polished_blackstone":256,"minecraft:dripstone_block":1,"minecraft:gravel":9,"minecraft:spider_eye":1,"minecraft:diamond":32,"minecraft:granite":14,"minecraft:bone_meal":4,"minecraft:emerald":1,"minecraft:oak_sapling":24,"minecraft:coal":127},"minecraft:custom":{"minecraft:mob_kills":59,"minecraft:interact_with_crafting_table":31,"minecraft:leave_game":8,"minecraft:time_since_death":4074,"minecraft:climb_one_cm":222,"minecraft:sprint_one_cm":539784,"minecraft:walk_one_cm":510953,"minecraft:damage_blocked_by_shield":840,"minecraft:drop":9,"minecraft:play_time":378552,"minecraft:sneak_time":23269,"minecraft:deaths":11,"minecraft:walk_under_water_one_cm":72101,"minecraft:jump":3379,"minecraft:walk_on_water_one_cm":41732,"minecraft:total_world_time":378552,"minecraft:interact_with_furnace":57,"minecraft:time_since_rest":4094,"minecraft:damage_taken":3053,"minecraft:damage_dealt":6823,"minecraft:swim_one_cm":134861,"minecraft:fly_one_cm":940470,"minecraft:player_kills":2,"minecraft:open_chest":23,"minecraft:crouch_one_cm":60953,"minecraft:fall_one_cm":50404},"minecraft:broken":{"minecraft:stone_pickaxe":1,"minecraft:wooden_sword":1,"minecraft:iron_pickaxe":1},"minecraft:crafted":{"minecraft:wooden_sword":1,"minecraft:oak_planks":108,"minecraft:furnace":2,"minecraft:stone":128,"minecraft:iron_boots":1,"minecraft:diamond_helmet":1,"minecraft:diamond_leggings":1,"minecraft:iron_axe":1,"minecraft:stone_pickaxe":2,"minecraft:chest":2,"minecraft:diamond_boots":1,"minecraft:diamond_sword":1,"minecraft:diamond_axe":1,"minecraft:crafting_table":4,"minecraft:wooden_pickaxe":2,"minecraft:iron_helmet":1,"minecraft:iron_sword":1,"minecraft:cooked_salmon":29,"minecraft:bucket":2,"minecraft:air":0,"minecraft:iron_chestplate":1,"minecraft:diamond_pickaxe":1,"minecraft:shield":1,"minecraft:stick":40,"minecraft:iron_pickaxe":2,"minecraft:iron_ingot":100,"minecraft:iron_leggings":1,"minecraft:torch":16,"minecraft:diamond_chestplate":1},"minecraft:killed":{"minecraft:witch":1,"minecraft:spider":6,"minecraft:skeleton":5,"minecraft:chicken":2,"minecraft:drowned":1,"minecraft:pig":2,"minecraft:salmon":29,"minecraft:creeper":2,"minecraft:zombie":10},"minecraft:killed_by":{"minecraft:drowned":2}},"DataVersion":3465}