{"stats":{"minecraft:used":{"minecraft:oak_log":2,"minecraft:nether_brick_fence":22,"minecraft:chiseled_polished_blackstone":120,"minecraft:wooden_axe":3,"minecraft:polished_blackstone_brick_slab":345,"minecraft:writable_book":3,"minecraft:lava_bucket":5,"minecraft:stone_sword":9,"minecraft:quartz_pillar":57,"minecraft:grass_block":30,"minecraft:quartz_block":397,"minecraft:polished_blackstone_brick_stairs":131,"minecraft:polished_blackstone_bricks":145,"minecraft:red_carpet":60,"minecraft:terracotta":4,"minecraft:written_book":1,"minecraft:dark_oak_fence":2,"minecraft:glass_pane":166,"minecraft:obsidian":7},"minecraft:killed":{"minecraft:chicken":2,"minecraft:spider":1,"minecraft:creeper":2},"minecraft:custom":{"minecraft:time_since_rest":103359,"minecraft:sprint_one_cm":139052,"minecraft:damage_taken":199,"minecraft:walk_one_cm":173874,"minecraft:mob_kills":5,"minecraft:drop":3,"minecraft:damage_dealt":873,"minecraft:fly_one_cm":367049,"minecraft:player_kills":1,"minecraft:open_chest":6,"minecraft:crouch_one_cm":5018,"minecraft:play_time":128928,"minecraft:deaths":4,"minecraft:sneak_time":3574,"minecraft:jump":649,"minecraft:leave_game":4,"minecraft:time_since_death":103329,"minecraft:total_world_time":128928},"minecraft:picked_up":{"minecraft:polished_blackstone_brick_slab":256,"minecraft:chicken":2,"minecraft:feather":2,"minecraft:chiseled_polished_blackstone":256,"minecraft:polished_blackstone_bricks":256,"minecraft:gunpowder":2,"minecraft:polished_blackstone_brick_stairs":4,"minecraft:quartz_block":256,"minecraft:stone_sword":4,"minecraft:wheat_seeds":15},"minecraft:dropped":{"minecraft:gunpowder":2,"minecraft:chicken":1,"minecraft:red_carpet":64}},"DataVersion":3465}