{"stats":{"minecraft:custom":{"minecraft:time_since_rest":16431,"minecraft:crouch_one_cm":2033,"minecraft:deaths":4,"minecraft:play_time":42000,"minecraft:sprint_one_cm":55549,"minecraft:damage_taken":199,"minecraft:walk_one_cm":115784,"minecraft:sneak_time":1952,"minecraft:mob_kills":2,"minecraft:jump":299,"minecraft:damage_dealt":473,"minecraft:time_since_death":16401,"minecraft:total_world_time":42000,"minecraft:player_kills":1,"minecraft:fly_one_cm":193992},"minecraft:killed":{"minecraft:chicken":1,"minecraft:creeper":1},"minecraft:picked_up":{"minecraft:chiseled_polished_blackstone":256,"minecraft:quartz_block":256,"minecraft:polished_blackstone_brick_slab":256,"minecraft:stone_sword":4,"minecraft:feather":2,"minecraft:chicken":1,"minecraft:wheat_seeds":15,"minecraft:polished_blackstone_bricks":256,"minecraft:polished_blackstone_brick_stairs":4},"minecraft:used":{"minecraft:polished_blackstone_bricks":132,"minecraft:chiseled_polished_blackstone":106,"minecraft:polished_blackstone_brick_slab":195,"minecraft:lava_bucket":5,"minecraft:stone_sword":9,"minecraft:grass_block":20,"minecraft:quartz_block":216,"minecraft:glass_pane":162,"minecraft:polished_blackstone_brick_stairs":131,"minecraft:obsidian":7}},"DataVersion":3465}