{"stats":{"minecraft:custom":{"minecraft:interact_with_furnace":5,"minecraft:mob_kills":13,"minecraft:interact_with_crafting_table":8,"minecraft:time_since_death":610,"minecraft:climb_one_cm":0,"minecraft:time_since_rest":636,"minecraft:sprint_one_cm":154084,"minecraft:damage_taken":1281,"minecraft:walk_one_cm":30937,"minecraft:damage_blocked_by_shield":55,"minecraft:drop":1,"minecraft:damage_dealt":1451,"minecraft:swim_one_cm":36416,"minecraft:fly_one_cm":151936,"minecraft:open_chest":1,"minecraft:crouch_one_cm":5132,"minecraft:play_time":29992,"minecraft:deaths":2,"minecraft:sneak_time":2214,"minecraft:walk_under_water_one_cm":8383,"minecraft:jump":742,"minecraft:walk_on_water_one_cm":11719,"minecraft:total_world_time":29992,"minecraft:fall_one_cm":29873},"minecraft:mined":{"minecraft:crafting_table":3,"minecraft:torch":5,"minecraft:grass_block":1,"minecraft:dead_bush":28,"minecraft:cobblestone":1,"minecraft:oak_planks":3,"minecraft:diorite":4,"minecraft:wall_torch":3,"minecraft:furnace":2,"minecraft:birch_log":6,"minecraft:iron_ore":14,"minecraft:fire":9,"minecraft:grass":7,"minecraft:oak_log":5,"minecraft:coal_ore":11,"minecraft:stone":41,"minecraft:oak_leaves":2},"minecraft:dropped":{"minecraft:wooden_axe":1},"minecraft:broken":{"minecraft:wooden_axe":1},"minecraft:crafted":{"minecraft:oak_planks":20,"minecraft:crafting_table":1,"minecraft:wooden_pickaxe":1,"minecraft:furnace":1,"minecraft:bucket":1,"minecraft:birch_planks":24,"minecraft:air":0,"minecraft:shield":1,"minecraft:stick":8,"minecraft:iron_ingot":5,"minecraft:stone_pickaxe":1,"minecraft:wooden_axe":1,"minecraft:torch":8},"minecraft:killed":{"minecraft:salmon":1,"minecraft:sheep":2,"minecraft:skeleton":4,"minecraft:drowned":1,"minecraft:cow":4},"minecraft:picked_up":{"minecraft:wooden_axe":1,"minecraft:birch_log":6,"minecraft:crafting_table":3,"minecraft:cooked_beef":5,"minecraft:salmon":1,"minecraft:leather":8,"minecraft:oak_log":5,"minecraft:dirt":1,"minecraft:cooked_mutton":5,"minecraft:bone":2,"minecraft:wheat_seeds":1,"minecraft:iron_ingot":2,"minecraft:beef":4,"minecraft:cooked_chicken":1,"minecraft:oak_planks":3,"minecraft:furnace":2,"minecraft:stick":23,"minecraft:raw_iron":14,"minecraft:torch":8,"minecraft:diorite":4,"minecraft:arrow":5,"minecraft:rotten_flesh":2,"minecraft:coal":26,"minecraft:white_wool":3,"minecraft:cobblestone":42},"minecraft:used":{"minecraft:cooked_mutton":4,"minecraft:water_bucket":1,"minecraft:diorite":4,"minecraft:flint_and_steel":12,"minecraft:birch_planks":10,"minecraft:stone_pickaxe":67,"minecraft:oak_planks":9,"minecraft:shield":2,"minecraft:wooden_pickaxe":6,"minecraft:cooked_chicken":1,"minecraft:salmon":1,"minecraft:torch":9,"minecraft:dirt":1,"minecraft:crafting_table":3,"minecraft:golden_shovel":1,"minecraft:wooden_axe":39,"minecraft:cobblestone":2,"minecraft:beef":4,"minecraft:furnace":2,"minecraft:bucket":1,"minecraft:cooked_beef":3,"minecraft:golden_axe":25}},"DataVersion":3465}