{"stats":{"minecraft:custom":{"minecraft:time_since_rest":680,"minecraft:walk_one_cm":6433,"minecraft:crouch_one_cm":590,"minecraft:play_time":5992,"minecraft:sprint_one_cm":31785,"minecraft:damage_taken":264,"minecraft:deaths":1,"minecraft:sneak_time":166,"minecraft:walk_under_water_one_cm":6218,"minecraft:mob_kills":1,"minecraft:jump":168,"minecraft:damage_dealt":187,"minecraft:time_since_death":660,"minecraft:walk_on_water_one_cm":2405,"minecraft:total_world_time":5992,"minecraft:swim_one_cm":11374,"minecraft:fall_one_cm":6860,"minecraft:fly_one_cm":41318},"minecraft:mined":{"minecraft:oak_log":1,"minecraft:dead_bush":27},"minecraft:killed":{"minecraft:salmon":1},"minecraft:picked_up":{"minecraft:stick":21,"minecraft:salmon":1,"minecraft:oak_log":1},"minecraft:used":{"minecraft:salmon":1}},"DataVersion":3465}