{"stats":{"minecraft:custom":{"minecraft:time_since_rest":12680,"minecraft:sprint_one_cm":75583,"minecraft:damage_taken":419,"minecraft:walk_one_cm":14060,"minecraft:mob_kills":4,"minecraft:damage_dealt":579,"minecraft:interact_with_crafting_table":4,"minecraft:swim_one_cm":27276,"minecraft:fly_one_cm":95208,"minecraft:open_chest":1,"minecraft:crouch_one_cm":2493,"minecraft:play_time":17992,"minecraft:deaths":1,"minecraft:sneak_time":1044,"minecraft:walk_under_water_one_cm":7316,"minecraft:jump":470,"minecraft:walk_on_water_one_cm":9523,"minecraft:time_since_death":12660,"minecraft:total_world_time":17992,"minecraft:fall_one_cm":17310},"minecraft:mined":{"minecraft:iron_ore":2,"minecraft:birch_log":6,"minecraft:torch":1,"minecraft:crafting_table":2,"minecraft:grass":1,"minecraft:coal_ore":11,"minecraft:grass_block":1,"minecraft:oak_log":5,"minecraft:dead_bush":27,"minecraft:stone":11,"minecraft:oak_planks":3,"minecraft:diorite":3,"minecraft:wall_torch":2,"minecraft:oak_leaves":2},"minecraft:crafted":{"minecraft:oak_planks":20,"minecraft:crafting_table":1,"minecraft:stick":8,"minecraft:wooden_pickaxe":1,"minecraft:stone_pickaxe":1,"minecraft:wooden_axe":1,"minecraft:torch":8,"minecraft:birch_planks":24},"minecraft:killed":{"minecraft:salmon":1,"minecraft:drowned":1,"minecraft:cow":2},"minecraft:picked_up":{"minecraft:birch_log":6,"minecraft:raw_iron":2,"minecraft:stick":21,"minecraft:crafting_table":2,"minecraft:salmon":1,"minecraft:leather":4,"minecraft:torch":3,"minecraft:oak_log":5,"minecraft:diorite":3,"minecraft:dirt":1,"minecraft:rotten_flesh":2,"minecraft:wheat_seeds":1,"minecraft:beef":4,"minecraft:oak_planks":3,"minecraft:coal":11,"minecraft:cobblestone":11},"minecraft:used":{"minecraft:wooden_axe":10,"minecraft:diorite":3,"minecraft:birch_planks":3,"minecraft:stone_pickaxe":21,"minecraft:oak_planks":9,"minecraft:wooden_pickaxe":6,"minecraft:torch":3,"minecraft:salmon":1,"minecraft:dirt":1,"minecraft:beef":4,"minecraft:crafting_table":2,"minecraft:golden_shovel":1,"minecraft:golden_axe":10}},"DataVersion":3465}