{"stats":{"minecraft:killed_by":{"minecraft:player":1},"minecraft:crafted":{"minecraft:oak_planks":16},"minecraft:picked_up":{"minecraft:dandelion":1,"minecraft:oak_log":10,"minecraft:written_book":1,"minecraft:chest":1,"minecraft:oak_planks":1,"minecraft:cornflower":1,"minecraft:dirt":12},"minecraft:used":{"minecraft:dirt":6,"minecraft:written_book":11,"minecraft:oak_planks":1},"minecraft:mined":{"minecraft:grass":6,"minecraft:grass_block":11,"minecraft:oak_log":10,"minecraft:chest":1,"minecraft:dirt":1,"minecraft:oak_planks":1,"minecraft:dandelion":1,"minecraft:cornflower":1,"minecraft:oak_leaves":5},"minecraft:custom":{"minecraft:open_chest":4,"minecraft:time_since_rest":16817,"minecraft:damage_taken":446,"minecraft:sprint_one_cm":23540,"minecraft:play_time":20646,"minecraft:walk_one_cm":54847,"minecraft:deaths":1,"minecraft:sneak_time":62,"minecraft:walk_under_water_one_cm":7998,"minecraft:drop":2,"minecraft:jump":165,"minecraft:damage_dealt":196,"minecraft:leave_game":28,"minecraft:time_since_death":16735,"minecraft:walk_on_water_one_cm":1949,"minecraft:total_world_time":20646,"minecraft:swim_one_cm":18669,"minecraft:fall_one_cm":1165,"minecraft:fly_one_cm":7519},"minecraft:dropped":{"minecraft:cornflower":1,"minecraft:dandelion":1}},"DataVersion":3465}