{"stats":{"minecraft:killed_by":{"minecraft:player":1},"minecraft:crafted":{"minecraft:oak_planks":16},"minecraft:picked_up":{"minecraft:azure_bluet":1,"minecraft:dandelion":4,"minecraft:oak_log":10,"minecraft:cornflower":1,"minecraft:dirt":13,"minecraft:written_book":1,"minecraft:chest":1,"minecraft:oak_planks":1,"minecraft:oxeye_daisy":1},"minecraft:used":{"minecraft:oak_planks":1,"minecraft:dirt":6,"minecraft:written_book":57},"minecraft:mined":{"minecraft:dandelion":5,"minecraft:cornflower":1,"minecraft:azure_bluet":1,"minecraft:grass":7,"minecraft:grass_block":12,"minecraft:oak_log":10,"minecraft:chest":1,"minecraft:dirt":1,"minecraft:tall_grass":1,"minecraft:oak_planks":1,"minecraft:oxeye_daisy":1,"minecraft:oak_leaves":5},"minecraft:custom":{"minecraft:time_since_rest":24205,"minecraft:sprint_one_cm":27931,"minecraft:damage_taken":446,"minecraft:walk_one_cm":59550,"minecraft:drop":7,"minecraft:damage_dealt":196,"minecraft:fly_one_cm":9728,"minecraft:swim_one_cm":18669,"minecraft:open_chest":4,"minecraft:play_time":28034,"minecraft:deaths":1,"minecraft:sneak_time":62,"minecraft:walk_under_water_one_cm":7998,"minecraft:jump":182,"minecraft:leave_game":38,"minecraft:walk_on_water_one_cm":1949,"minecraft:time_since_death":24123,"minecraft:total_world_time":28034,"minecraft:fall_one_cm":1374},"minecraft:dropped":{"minecraft:oxeye_daisy":1,"minecraft:cornflower":1,"minecraft:azure_bluet":1,"minecraft:dandelion":4}},"DataVersion":3465}