{"stats":{"minecraft:killed_by":{"minecraft:player":1},"minecraft:crafted":{"minecraft:oak_planks":16},"minecraft:picked_up":{"minecraft:oak_log":10,"minecraft:written_book":1,"minecraft:chest":1,"minecraft:oak_planks":1,"minecraft:dirt":12},"minecraft:used":{"minecraft:dirt":1,"minecraft:written_book":9,"minecraft:oak_planks":1},"minecraft:mined":{"minecraft:grass":1,"minecraft:grass_block":11,"minecraft:oak_log":10,"minecraft:chest":1,"minecraft:dirt":1,"minecraft:oak_planks":1,"minecraft:oak_leaves":5},"minecraft:custom":{"minecraft:time_since_rest":8743,"minecraft:open_chest":4,"minecraft:damage_taken":446,"minecraft:play_time":12572,"minecraft:sprint_one_cm":17267,"minecraft:walk_one_cm":32590,"minecraft:deaths":1,"minecraft:sneak_time":62,"minecraft:walk_under_water_one_cm":6742,"minecraft:jump":92,"minecraft:damage_dealt":112,"minecraft:leave_game":15,"minecraft:walk_on_water_one_cm":1661,"minecraft:time_since_death":8661,"minecraft:total_world_time":12572,"minecraft:swim_one_cm":15435,"minecraft:fall_one_cm":1165,"minecraft:fly_one_cm":6404}},"DataVersion":3465}