{"stats":{"minecraft:dropped":{"minecraft:cobblestone":1},"minecraft:mined":{"minecraft:cut_sandstone":5,"minecraft:stone_pressure_plate":1,"minecraft:orange_terracotta":1,"minecraft:crafting_table":1,"minecraft:jungle_log":2,"minecraft:sugar_cane":47,"minecraft:sandstone":3,"minecraft:wall_torch":1,"minecraft:seagrass":1,"minecraft:hay_block":13,"minecraft:tall_seagrass":1,"minecraft:tnt":9,"minecraft:vine":1,"minecraft:sand":126,"minecraft:terracotta":1},"minecraft:used":{"minecraft:water_bucket":27,"minecraft:cactus":1,"minecraft:sandstone":3,"minecraft:torch":4,"minecraft:sand":78,"minecraft:terracotta":1,"minecraft:crafting_table":2,"minecraft:diamond_pickaxe":20,"minecraft:diamond_shovel":115,"minecraft:iron_axe":1,"minecraft:diamond_sword":40,"minecraft:cobblestone":64,"minecraft:cooked_porkchop":10,"minecraft:bucket":27},"minecraft:picked_up":{"minecraft:crafting_table":1,"minecraft:flower_pot":1,"minecraft:water_bucket":1,"minecraft:jungle_log":2,"minecraft:cut_sandstone":5,"minecraft:gunpowder":2,"minecraft:string":7,"minecraft:orange_terracotta":1,"minecraft:bone":3,"minecraft:iron_ingot":9,"minecraft:sugar_cane":66,"minecraft:sandstone":3,"minecraft:cooked_porkchop":64,"minecraft:torch":3,"minecraft:sand":121,"minecraft:stone_pressure_plate":1,"minecraft:tnt":9,"minecraft:arrow":4,"minecraft:cactus":1,"minecraft:rotten_flesh":2,"minecraft:diamond":31,"minecraft:hay_block":13,"minecraft:golden_apple":8,"minecraft:gold_ingot":29,"minecraft:terracotta":1,"minecraft:coal":32,"minecraft:cobblestone":65},"minecraft:custom":{"minecraft:mob_kills":9,"minecraft:interact_with_crafting_table":6,"minecraft:bell_ring":1,"minecraft:time_since_death":42000,"minecraft:sleep_in_bed":1,"minecraft:time_since_rest":4334,"minecraft:sprint_one_cm":192971,"minecraft:damage_taken":399,"minecraft:walk_one_cm":72875,"minecraft:drop":1,"minecraft:damage_dealt":1811,"minecraft:swim_one_cm":41600,"minecraft:fly_one_cm":378859,"minecraft:open_chest":9,"minecraft:crouch_one_cm":5121,"minecraft:play_time":42000,"minecraft:sneak_time":1267,"minecraft:walk_under_water_one_cm":7333,"minecraft:jump":1325,"minecraft:walk_on_water_one_cm":9201,"minecraft:total_world_time":42000,"minecraft:fall_one_cm":40834,"minecraft:horse_one_cm":283},"minecraft:crafted":{"minecraft:diamond_sword":1,"minecraft:crafting_table":1,"minecraft:diamond_shovel":1,"minecraft:jungle_planks":8,"minecraft:diamond_helmet":1,"minecraft:diamond_leggings":1,"minecraft:diamond_pickaxe":1,"minecraft:iron_axe":1,"minecraft:stick":8,"minecraft:diamond_boots":1,"minecraft:diamond_chestplate":1},"minecraft:killed":{"minecraft:husk":1,"minecraft:cave_spider":1,"minecraft:spider":2,"minecraft:creeper":1,"minecraft:skeleton":2,"minecraft:zombie":2}},"DataVersion":3465}