{"stats":{"minecraft:dropped":{"minecraft:cobblestone":1},"minecraft:mined":{"minecraft:cut_sandstone":5,"minecraft:stone_pressure_plate":2,"minecraft:orange_terracotta":1,"minecraft:crafting_table":1,"minecraft:torch":1,"minecraft:jungle_log":2,"minecraft:sugar_cane":47,"minecraft:sandstone":4,"minecraft:wall_torch":1,"minecraft:seagrass":1,"minecraft:hay_block":13,"minecraft:tall_seagrass":1,"minecraft:tnt":9,"minecraft:vine":1,"minecraft:sand":126,"minecraft:terracotta":1},"minecraft:used":{"minecraft:water_bucket":36,"minecraft:cactus":1,"minecraft:sandstone":3,"minecraft:torch":12,"minecraft:sand":108,"minecraft:terracotta":1,"minecraft:crafting_table":2,"minecraft:diamond_pickaxe":22,"minecraft:diamond_shovel":115,"minecraft:iron_axe":1,"minecraft:string":3,"minecraft:diamond_sword":58,"minecraft:cobblestone":64,"minecraft:cooked_porkchop":14,"minecraft:bucket":36},"minecraft:picked_up":{"minecraft:crafting_table":1,"minecraft:flower_pot":1,"minecraft:water_bucket":1,"minecraft:jungle_log":2,"minecraft:cut_sandstone":7,"minecraft:gunpowder":2,"minecraft:string":12,"minecraft:orange_terracotta":1,"minecraft:bone":4,"minecraft:iron_ingot":9,"minecraft:sugar_cane":66,"minecraft:stick":2,"minecraft:sandstone":29,"minecraft:cooked_porkchop":64,"minecraft:torch":3,"minecraft:sand":121,"minecraft:stone_pressure_plate":2,"minecraft:tnt":9,"minecraft:arrow":5,"minecraft:cactus":1,"minecraft:rotten_flesh":4,"minecraft:diamond":31,"minecraft:hay_block":13,"minecraft:golden_apple":8,"minecraft:gold_ingot":29,"minecraft:terracotta":1,"minecraft:coal":32,"minecraft:cobblestone":65},"minecraft:custom":{"minecraft:mob_kills":16,"minecraft:interact_with_crafting_table":6,"minecraft:bell_ring":1,"minecraft:time_since_death":54000,"minecraft:sleep_in_bed":1,"minecraft:time_since_rest":16334,"minecraft:sprint_one_cm":229945,"minecraft:damage_taken":663,"minecraft:walk_one_cm":85685,"minecraft:drop":1,"minecraft:damage_dealt":3002,"minecraft:swim_one_cm":41600,"minecraft:fly_one_cm":467497,"minecraft:open_chest":14,"minecraft:crouch_one_cm":5121,"minecraft:play_time":54000,"minecraft:sneak_time":1279,"minecraft:walk_under_water_one_cm":18389,"minecraft:jump":1715,"minecraft:walk_on_water_one_cm":16024,"minecraft:total_world_time":54000,"minecraft:fall_one_cm":57156,"minecraft:horse_one_cm":483724},"minecraft:crafted":{"minecraft:diamond_sword":1,"minecraft:crafting_table":1,"minecraft:diamond_shovel":1,"minecraft:jungle_planks":8,"minecraft:diamond_helmet":1,"minecraft:diamond_leggings":1,"minecraft:diamond_pickaxe":1,"minecraft:iron_axe":1,"minecraft:stick":8,"minecraft:diamond_boots":1,"minecraft:diamond_chestplate":1},"minecraft:killed":{"minecraft:husk":1,"minecraft:cave_spider":1,"minecraft:spider":4,"minecraft:creeper":2,"minecraft:skeleton":4,"minecraft:zombie":2}},"DataVersion":3465}