{"stats":{"minecraft:dropped":{"minecraft:cobblestone":1},"minecraft:mined":{"minecraft:tall_seagrass":1,"minecraft:crafting_table":1,"minecraft:vine":1,"minecraft:jungle_log":2,"minecraft:sand":40,"minecraft:terracotta":1,"minecraft:sugar_cane":40},"minecraft:used":{"minecraft:water_bucket":15,"minecraft:diamond_pickaxe":1,"minecraft:diamond_shovel":29,"minecraft:iron_axe":1,"minecraft:sand":60,"minecraft:terracotta":1,"minecraft:diamond_sword":28,"minecraft:cobblestone":64,"minecraft:crafting_table":2,"minecraft:cooked_porkchop":8,"minecraft:bucket":15},"minecraft:picked_up":{"minecraft:crafting_table":1,"minecraft:cooked_porkchop":64,"minecraft:water_bucket":1,"minecraft:jungle_log":2,"minecraft:sand":60,"minecraft:gunpowder":2,"minecraft:string":5,"minecraft:bone":3,"minecraft:arrow":4,"minecraft:rotten_flesh":2,"minecraft:diamond":31,"minecraft:iron_ingot":9,"minecraft:golden_apple":8,"minecraft:gold_ingot":29,"minecraft:terracotta":1,"minecraft:sugar_cane":55,"minecraft:coal":32,"minecraft:cobblestone":65},"minecraft:custom":{"minecraft:time_since_rest":30000,"minecraft:sprint_one_cm":154097,"minecraft:damage_taken":315,"minecraft:walk_one_cm":46316,"minecraft:mob_kills":8,"minecraft:drop":1,"minecraft:damage_dealt":1623,"minecraft:swim_one_cm":39258,"minecraft:interact_with_crafting_table":5,"minecraft:fly_one_cm":311475,"minecraft:crouch_one_cm":5121,"minecraft:play_time":30000,"minecraft:sneak_time":1243,"minecraft:walk_under_water_one_cm":1517,"minecraft:jump":1061,"minecraft:time_since_death":30000,"minecraft:walk_on_water_one_cm":5077,"minecraft:total_world_time":30000,"minecraft:fall_one_cm":34394},"minecraft:crafted":{"minecraft:diamond_sword":1,"minecraft:diamond_helmet":1,"minecraft:diamond_leggings":1,"minecraft:diamond_pickaxe":1,"minecraft:iron_axe":1,"minecraft:crafting_table":1,"minecraft:stick":8,"minecraft:diamond_boots":1,"minecraft:diamond_shovel":1,"minecraft:diamond_chestplate":1,"minecraft:jungle_planks":8},"minecraft:killed":{"minecraft:skeleton":2,"minecraft:husk":1,"minecraft:cave_spider":1,"minecraft:zombie":2,"minecraft:spider":1,"minecraft:creeper":1}},"DataVersion":3465}