{"stats":{"minecraft:dropped":{"minecraft:cobblestone":1},"minecraft:mined":{"minecraft:crafting_table":1,"minecraft:vine":1,"minecraft:jungle_log":2,"minecraft:sugar_cane":11},"minecraft:used":{"minecraft:iron_axe":1,"minecraft:diamond_sword":25,"minecraft:cobblestone":54,"minecraft:crafting_table":1,"minecraft:cooked_porkchop":5},"minecraft:picked_up":{"minecraft:crafting_table":1,"minecraft:cooked_porkchop":64,"minecraft:water_bucket":1,"minecraft:jungle_log":2,"minecraft:sand":20,"minecraft:gunpowder":2,"minecraft:string":5,"minecraft:bone":3,"minecraft:arrow":4,"minecraft:rotten_flesh":2,"minecraft:diamond":31,"minecraft:iron_ingot":9,"minecraft:golden_apple":8,"minecraft:gold_ingot":29,"minecraft:sugar_cane":26,"minecraft:coal":32,"minecraft:cobblestone":65},"minecraft:custom":{"minecraft:time_since_rest":18000,"minecraft:sprint_one_cm":91553,"minecraft:damage_taken":196,"minecraft:walk_one_cm":25993,"minecraft:mob_kills":8,"minecraft:drop":1,"minecraft:damage_dealt":1583,"minecraft:swim_one_cm":23825,"minecraft:interact_with_crafting_table":4,"minecraft:fly_one_cm":172039,"minecraft:crouch_one_cm":337,"minecraft:play_time":18000,"minecraft:sneak_time":290,"minecraft:walk_under_water_one_cm":734,"minecraft:jump":584,"minecraft:time_since_death":18000,"minecraft:walk_on_water_one_cm":458,"minecraft:total_world_time":18000,"minecraft:fall_one_cm":17204},"minecraft:crafted":{"minecraft:diamond_sword":1,"minecraft:diamond_helmet":1,"minecraft:diamond_leggings":1,"minecraft:diamond_pickaxe":1,"minecraft:iron_axe":1,"minecraft:crafting_table":1,"minecraft:stick":8,"minecraft:diamond_boots":1,"minecraft:diamond_chestplate":1,"minecraft:jungle_planks":8},"minecraft:killed":{"minecraft:skeleton":2,"minecraft:husk":1,"minecraft:cave_spider":1,"minecraft:zombie":2,"minecraft:spider":1,"minecraft:creeper":1}},"DataVersion":3465}