{
  "minecraft:recipes/decorations/crafting_table": {
    "criteria": {
      "unlock_right_away": "2024-08-20 01:20:04 +0000"
    },
    "done": true
  },
  "minecraft:adventure/adventuring_time": {
    "criteria": {
      "minecraft:eroded_badlands": "2024-08-20 01:22:10 +0000",
      "minecraft:badlands": "2024-08-20 01:20:05 +0000",
      "minecraft:river": "2024-08-20 01:22:04 +0000",
      "minecraft:plains": "2024-08-20 01:24:19 +0000"
    },
    "done": false
  },
  "DataVersion": 3465
}